"finding_id","source_id","citation","country","setting","population","study_design","pathogen_scope_type","pathogen_targets","finding_applicability","finding_category","source_signal","hospital_acquired_definition","diagnostic_method","surveillance_frame_timing","comparator_reference_group","finding_text","exposure_transmission_context","predictors_risk_factors","labs_vitals_radiology","environmental_structural_factors","space_time_overlap_clustering","clinical_outcomes","operational_burden","differential_diagnosis_coinfection","seasonal_temporal_pattern","effect_sizes_model_performance","adjustment_level","key_limitations","study_reported_implication","codeblue_translation","translation_tags"
"malik_s_2025_f01","malik_s_2025","Malik S et al. (2025) PMID: 41333356","India","Oncology ICU","711 adults","Prospective cohort","mixed_viral_bacterial_nosocomial_pneumonia","influenza","influenza_only","pathogen_specific_finding","influenza_specific_findings","HAP/VAP >48h post-admission or intubation","VITEK-2; multiplex PCR","Single-center ICU cohort","Overall cohort; flu subset vs other viral pneumonia within cohort","Flu represented 14% of viral pneumonia cases and contributed to severe ICU burden","New imaging infiltrates plus sepsis used as deterioration context; ICU-acquired pneumonia setting","Post-surgical status; COPD; oncology immunosuppression","ANC <500 associated with 9.1x risk; imaging infiltrates mentioned","ICU setting only; no detailed ward architecture reported","NR","High mortality; required MV mirroring overall cohort; prolonged ICU/hospital stay","HAP added 9.6 days to hospital stay and 4.5 days to ICU stay; rapid multiplexing demand","Overlap with Gram-negative ICU bacteria; Klebsiella and Pseudomonas common","Monsoon peak July-September; year-round baseline risk","HR 9.0 for pneumonia death overall; VAP 18.7/1000 days","Not clear from summary if multivariable for all findings","Highly specific oncology ICU population; flu-stratified details limited","Severe nosocomial respiratory infection in oncology ICU is strongly associated with immunosuppression, neutropenia, ventilation burden, and prolonged stay","Good for high-risk oncology ward logic and seasonal preparedness, but not a clean influenza-only paper","risk_profile|resource_strain|oncology_icu|seasonality"
"malik_s_2025_f02","malik_s_2025","Malik S et al. (2025) PMID: 41333356","India","Oncology ICU","711 adults","Prospective cohort","mixed_viral_bacterial_nosocomial_pneumonia","sars_cov_2|rhinovirus_enterovirus","non_influenza_only","pathogen_specific_finding","non_influenza_findings","HAP/VAP >48h post-admission or intubation","VITEK-2; multiplex PCR","Single-center ICU cohort","Overall cohort; flu subset vs other viral pneumonia within cohort","48.2% nosocomial pneumonia overall; Rhino/Entero 27 and SARS-CoV-2 15 reported","New imaging infiltrates plus sepsis used as deterioration context; ICU-acquired pneumonia setting","Post-surgical status; COPD; oncology immunosuppression","ANC <500 associated with 9.1x risk; imaging infiltrates mentioned","ICU setting only; no detailed ward architecture reported","NR","High mortality; required MV mirroring overall cohort; prolonged ICU/hospital stay","HAP added 9.6 days to hospital stay and 4.5 days to ICU stay; rapid multiplexing demand","Overlap with Gram-negative ICU bacteria; Klebsiella and Pseudomonas common","Monsoon peak July-September; year-round baseline risk","HR 9.0 for pneumonia death overall; VAP 18.7/1000 days","Not clear from summary if multivariable for all findings","Highly specific oncology ICU population; flu-stratified details limited","Severe nosocomial respiratory infection in oncology ICU is strongly associated with immunosuppression, neutropenia, ventilation burden, and prolonged stay","Good for high-risk oncology ward logic and seasonal preparedness, but not a clean influenza-only paper","risk_profile|resource_strain|oncology_icu|seasonality"
"malik_s_2025_f03","malik_s_2025","Malik S et al. (2025) PMID: 41333356","India","Oncology ICU","711 adults","Prospective cohort","mixed_viral_bacterial_nosocomial_pneumonia","influenza|sars_cov_2|rhinovirus_enterovirus","shared_both","shared_context","study_reported_implication","HAP/VAP >48h post-admission or intubation","VITEK-2; multiplex PCR","Single-center ICU cohort","Overall cohort; flu subset vs other viral pneumonia within cohort","Severe nosocomial respiratory infection in oncology ICU is strongly associated with immunosuppression, neutropenia, ventilation burden, and prolonged stay","New imaging infiltrates plus sepsis used as deterioration context; ICU-acquired pneumonia setting","Post-surgical status; COPD; oncology immunosuppression","ANC <500 associated with 9.1x risk; imaging infiltrates mentioned","ICU setting only; no detailed ward architecture reported","NR","High mortality; required MV mirroring overall cohort; prolonged ICU/hospital stay","HAP added 9.6 days to hospital stay and 4.5 days to ICU stay; rapid multiplexing demand","Overlap with Gram-negative ICU bacteria; Klebsiella and Pseudomonas common","Monsoon peak July-September; year-round baseline risk","HR 9.0 for pneumonia death overall; VAP 18.7/1000 days","Not clear from summary if multivariable for all findings","Highly specific oncology ICU population; flu-stratified details limited","Severe nosocomial respiratory infection in oncology ICU is strongly associated with immunosuppression, neutropenia, ventilation burden, and prolonged stay","Good for high-risk oncology ward logic and seasonal preparedness, but not a clean influenza-only paper","risk_profile|resource_strain|oncology_icu|seasonality"
"malik_s_2025_f04","malik_s_2025","Malik S et al. (2025) PMID: 41333356","India","Oncology ICU","711 adults","Prospective cohort","mixed_viral_bacterial_nosocomial_pneumonia","influenza|sars_cov_2|rhinovirus_enterovirus","comparative","comparative_interpretation","comparative_findings","HAP/VAP >48h post-admission or intubation","VITEK-2; multiplex PCR","Single-center ICU cohort","Overall cohort; flu subset vs other viral pneumonia within cohort","Flu interpreted within broader viral/bacterial ICU pneumonia mix","New imaging infiltrates plus sepsis used as deterioration context; ICU-acquired pneumonia setting","Post-surgical status; COPD; oncology immunosuppression","ANC <500 associated with 9.1x risk; imaging infiltrates mentioned","ICU setting only; no detailed ward architecture reported","NR","High mortality; required MV mirroring overall cohort; prolonged ICU/hospital stay","HAP added 9.6 days to hospital stay and 4.5 days to ICU stay; rapid multiplexing demand","Overlap with Gram-negative ICU bacteria; Klebsiella and Pseudomonas common","Monsoon peak July-September; year-round baseline risk","HR 9.0 for pneumonia death overall; VAP 18.7/1000 days","Not clear from summary if multivariable for all findings","Highly specific oncology ICU population; flu-stratified details limited","Severe nosocomial respiratory infection in oncology ICU is strongly associated with immunosuppression, neutropenia, ventilation burden, and prolonged stay","Good for high-risk oncology ward logic and seasonal preparedness, but not a clean influenza-only paper","risk_profile|resource_strain|oncology_icu|seasonality"
"jimenez_juarez_2025_f01","jimenez_juarez_2025","Jiménez-Juárez et al. (2025) DOI: 10.3390/v17060771","Mexico","Tertiary pediatric hospital","212 children","Retrospective cohort","pediatric_influenza_plus_other_respiratory_viruses","influenza_a_h1n1|influenza_a_h3n2|influenza","influenza_only","pathogen_specific_finding","influenza_specific_findings","Nosocomial acquisition post-admission; associated with MV risk","PCR; logistic regression","Pediatric hospital cohort","Within-cohort severity comparisons","AH1N1 36.8% and H3N2 26.9%; paradoxical breathing flagged as key flu deterioration sign","Paradoxical breathing and hypotension as bedside escalation context","Nosocomial status; neuro/cardiac comorbidity; age 1-4 years peak vulnerability","Leukocytes 12.6k; neutrophils 49-59%; paradoxical breathing; hypotension","NR","NR","21.2% MV overall; mortality 10.3% in infants <1 year; median stay 6-16 days","High PICU and ventilator reliance","Bacterial coinfection increased MV risk","Peak Dec/Jan; year-round pediatric baseline","Descriptive proportions; logistic regression used but exact adjusted estimates not in source summary","Logistic regression reported","Single-center pediatric study; summary lacks full adjusted table","Pediatric hospital-acquired influenza and related viral disease can deteriorate rapidly, especially in young children with comorbidity and paradoxical breathing","Useful for pediatric CodeBlue rules, bedside deterioration triggers, and pediatric seasonal preparedness","risk_profile|ward_vuln|pediatrics|rapid_escalation"
"jimenez_juarez_2025_f02","jimenez_juarez_2025","Jiménez-Juárez et al. (2025) DOI: 10.3390/v17060771","Mexico","Tertiary pediatric hospital","212 children","Retrospective cohort","pediatric_influenza_plus_other_respiratory_viruses","rsv|rhinovirus","non_influenza_only","pathogen_specific_finding","non_influenza_findings","Nosocomial acquisition post-admission; associated with MV risk","PCR; logistic regression","Pediatric hospital cohort","Within-cohort severity comparisons","25.5% coinfection with RSV/Rhino; non-flu viruses also linked to severity","Paradoxical breathing and hypotension as bedside escalation context","Nosocomial status; neuro/cardiac comorbidity; age 1-4 years peak vulnerability","Leukocytes 12.6k; neutrophils 49-59%; paradoxical breathing; hypotension","NR","NR","21.2% MV overall; mortality 10.3% in infants <1 year; median stay 6-16 days","High PICU and ventilator reliance","Bacterial coinfection increased MV risk","Peak Dec/Jan; year-round pediatric baseline","Descriptive proportions; logistic regression used but exact adjusted estimates not in source summary","Logistic regression reported","Single-center pediatric study; summary lacks full adjusted table","Pediatric hospital-acquired influenza and related viral disease can deteriorate rapidly, especially in young children with comorbidity and paradoxical breathing","Useful for pediatric CodeBlue rules, bedside deterioration triggers, and pediatric seasonal preparedness","risk_profile|ward_vuln|pediatrics|rapid_escalation"
"jimenez_juarez_2025_f03","jimenez_juarez_2025","Jiménez-Juárez et al. (2025) DOI: 10.3390/v17060771","Mexico","Tertiary pediatric hospital","212 children","Retrospective cohort","pediatric_influenza_plus_other_respiratory_viruses","influenza_a_h1n1|influenza_a_h3n2|influenza|rsv|rhinovirus","shared_both","shared_context","study_reported_implication","Nosocomial acquisition post-admission; associated with MV risk","PCR; logistic regression","Pediatric hospital cohort","Within-cohort severity comparisons","Pediatric hospital-acquired influenza and related viral disease can deteriorate rapidly, especially in young children with comorbidity and paradoxical breathing","Paradoxical breathing and hypotension as bedside escalation context","Nosocomial status; neuro/cardiac comorbidity; age 1-4 years peak vulnerability","Leukocytes 12.6k; neutrophils 49-59%; paradoxical breathing; hypotension","NR","NR","21.2% MV overall; mortality 10.3% in infants <1 year; median stay 6-16 days","High PICU and ventilator reliance","Bacterial coinfection increased MV risk","Peak Dec/Jan; year-round pediatric baseline","Descriptive proportions; logistic regression used but exact adjusted estimates not in source summary","Logistic regression reported","Single-center pediatric study; summary lacks full adjusted table","Pediatric hospital-acquired influenza and related viral disease can deteriorate rapidly, especially in young children with comorbidity and paradoxical breathing","Useful for pediatric CodeBlue rules, bedside deterioration triggers, and pediatric seasonal preparedness","risk_profile|ward_vuln|pediatrics|rapid_escalation"
"jimenez_juarez_2025_f04","jimenez_juarez_2025","Jiménez-Juárez et al. (2025) DOI: 10.3390/v17060771","Mexico","Tertiary pediatric hospital","212 children","Retrospective cohort","pediatric_influenza_plus_other_respiratory_viruses","influenza_a_h1n1|influenza_a_h3n2|influenza|rsv|rhinovirus","shared_both","shared_context","comparative_findings","Nosocomial acquisition post-admission; associated with MV risk","PCR; logistic regression","Pediatric hospital cohort","Within-cohort severity comparisons","Shared deterioration features across pediatric respiratory viruses","Paradoxical breathing and hypotension as bedside escalation context","Nosocomial status; neuro/cardiac comorbidity; age 1-4 years peak vulnerability","Leukocytes 12.6k; neutrophils 49-59%; paradoxical breathing; hypotension","NR","NR","21.2% MV overall; mortality 10.3% in infants <1 year; median stay 6-16 days","High PICU and ventilator reliance","Bacterial coinfection increased MV risk","Peak Dec/Jan; year-round pediatric baseline","Descriptive proportions; logistic regression used but exact adjusted estimates not in source summary","Logistic regression reported","Single-center pediatric study; summary lacks full adjusted table","Pediatric hospital-acquired influenza and related viral disease can deteriorate rapidly, especially in young children with comorbidity and paradoxical breathing","Useful for pediatric CodeBlue rules, bedside deterioration triggers, and pediatric seasonal preparedness","risk_profile|ward_vuln|pediatrics|rapid_escalation"
"ha_rvi_study_2025_f01","ha_rvi_study_2025","HA-RVI Study (2025) DOI: 10.1111/tid.70135","NR","Tertiary academic center","10-year longitudinal cohort","Retrospective EHR cohort","mixed_hospital_acquired_respiratory_viral_infections","influenza","influenza_only","pathogen_specific_finding","influenza_specific_findings","Positive result >=72h post-admission","EHR plus PCR records","10-year longitudinal","HA-flu vs CA-flu; mixed HA-RVI comparisons","Flu 6.6%; HA-flu associated with higher MV/RRT and higher in-hospital death than CA-flu; 2x more likely in cancer patients","New onset on oncology/SCT ward indicates acquisition context","Cancer 24.3%; chemotherapy within 30 days; SCT within 1 year","Immunocompromised status focus","High-risk oncology/SCT ward structure implicit","Ward-based clustering on oncology/SCT services","High dialysis and ventilation demand; increased stay duration; higher in-hospital death vs CA-flu","Systemic strain on SCT wards","Bacterial overlap increased severity","Year-round threat in high-risk SCT patients","p<0.05 for higher MV/RRT; p<0.01 for higher in-hospital death vs CA-flu","Adjusted status not fully clear from summary","Single-center high-risk population likely limits generalizability","Hospital-acquired respiratory viral infection is particularly severe in cancer/SCT populations and worse than community-acquired influenza in key outcomes","Strong support for ward vulnerability and high-risk oncology/SCT surveillance logic","ward_vuln|project_justification|immunocompromised|pathogen_pack"
"ha_rvi_study_2025_f02","ha_rvi_study_2025","HA-RVI Study (2025) DOI: 10.1111/tid.70135","NR","Tertiary academic center","10-year longitudinal cohort","Retrospective EHR cohort","mixed_hospital_acquired_respiratory_viral_infections","rsv|parainfluenza","non_influenza_only","pathogen_specific_finding","non_influenza_findings","Positive result >=72h post-admission","EHR plus PCR records","10-year longitudinal","HA-flu vs CA-flu; mixed HA-RVI comparisons","RSV 12.2%; PIV 10.9%; increased life-support needs in HA-RVI","New onset on oncology/SCT ward indicates acquisition context","Cancer 24.3%; chemotherapy within 30 days; SCT within 1 year","Immunocompromised status focus","High-risk oncology/SCT ward structure implicit","Ward-based clustering on oncology/SCT services","High dialysis and ventilation demand; increased stay duration; higher in-hospital death vs CA-flu","Systemic strain on SCT wards","Bacterial overlap increased severity","Year-round threat in high-risk SCT patients","p<0.05 for higher MV/RRT; p<0.01 for higher in-hospital death vs CA-flu","Adjusted status not fully clear from summary","Single-center high-risk population likely limits generalizability","Hospital-acquired respiratory viral infection is particularly severe in cancer/SCT populations and worse than community-acquired influenza in key outcomes","Strong support for ward vulnerability and high-risk oncology/SCT surveillance logic","ward_vuln|project_justification|immunocompromised|pathogen_pack"
"ha_rvi_study_2025_f03","ha_rvi_study_2025","HA-RVI Study (2025) DOI: 10.1111/tid.70135","NR","Tertiary academic center","10-year longitudinal cohort","Retrospective EHR cohort","mixed_hospital_acquired_respiratory_viral_infections","influenza|rsv|parainfluenza","shared_both","shared_context","study_reported_implication","Positive result >=72h post-admission","EHR plus PCR records","10-year longitudinal","HA-flu vs CA-flu; mixed HA-RVI comparisons","Hospital-acquired respiratory viral infection is particularly severe in cancer/SCT populations and worse than community-acquired influenza in key outcomes","New onset on oncology/SCT ward indicates acquisition context","Cancer 24.3%; chemotherapy within 30 days; SCT within 1 year","Immunocompromised status focus","High-risk oncology/SCT ward structure implicit","Ward-based clustering on oncology/SCT services","High dialysis and ventilation demand; increased stay duration; higher in-hospital death vs CA-flu","Systemic strain on SCT wards","Bacterial overlap increased severity","Year-round threat in high-risk SCT patients","p<0.05 for higher MV/RRT; p<0.01 for higher in-hospital death vs CA-flu","Adjusted status not fully clear from summary","Single-center high-risk population likely limits generalizability","Hospital-acquired respiratory viral infection is particularly severe in cancer/SCT populations and worse than community-acquired influenza in key outcomes","Strong support for ward vulnerability and high-risk oncology/SCT surveillance logic","ward_vuln|project_justification|immunocompromised|pathogen_pack"
"ha_rvi_study_2025_f04","ha_rvi_study_2025","HA-RVI Study (2025) DOI: 10.1111/tid.70135","NR","Tertiary academic center","10-year longitudinal cohort","Retrospective EHR cohort","mixed_hospital_acquired_respiratory_viral_infections","influenza|rsv|parainfluenza","comparative","comparative_interpretation","comparative_findings","Positive result >=72h post-admission","EHR plus PCR records","10-year longitudinal","HA-flu vs CA-flu; mixed HA-RVI comparisons","Broad comparison of hospital-acquired respiratory viruses and community-acquired flu","New onset on oncology/SCT ward indicates acquisition context","Cancer 24.3%; chemotherapy within 30 days; SCT within 1 year","Immunocompromised status focus","High-risk oncology/SCT ward structure implicit","Ward-based clustering on oncology/SCT services","High dialysis and ventilation demand; increased stay duration; higher in-hospital death vs CA-flu","Systemic strain on SCT wards","Bacterial overlap increased severity","Year-round threat in high-risk SCT patients","p<0.05 for higher MV/RRT; p<0.01 for higher in-hospital death vs CA-flu","Adjusted status not fully clear from summary","Single-center high-risk population likely limits generalizability","Hospital-acquired respiratory viral infection is particularly severe in cancer/SCT populations and worse than community-acquired influenza in key outcomes","Strong support for ward vulnerability and high-risk oncology/SCT surveillance logic","ward_vuln|project_justification|immunocompromised|pathogen_pack"
"fan_2025_f01","fan_2025","Fan et al. (2025) PMID: 39912067","China","Beijing Ditan Hospital","1051 adults","Retrospective ML study","influenza_and_covid_with_drug_resistant_pathogen_focus","influenza","influenza_only","pathogen_specific_finding","influenza_specific_findings","HA-DRP detected >=48h post-admission","Machine learning with SHAP and neural nets","2018-2024 seasonal waves","975 flu cases screened vs 1224 COVID cases screened","Flu cohort included in DRP-risk modeling","Hospital-acquired DRP acquisition in already ill viral inpatients","Age >66; indwelling catheters; MV use; LOS","Albumin <35 g/L; low cholinesterase; SHAP top variables CHE, albumin, age","NR","NR","DRP group had universal deterioration in study framing; DRPs linked to mortality and severity","Demand for ICVC and ventilators","High antibiotic use drives resistance; P. aeruginosa 16.4%; K. pneumoniae 16.1%","2018-2024 seasonal waves","SHAP ranking identified top variables; neural nets used; exact AUC not in source summary","ML explainability framework used","Focuses on DRPs rather than pure influenza outcomes; summary lacks full performance details","Hospital-acquired drug-resistant pathogens in viral respiratory disease can be predicted from routine clinical variables and materially worsen severity","Very useful for stewardship and bacterial-overlap module linked to influenza pathways","stewardship|pathogen_pack|drp|coinfection"
"fan_2025_f02","fan_2025","Fan et al. (2025) PMID: 39912067","China","Beijing Ditan Hospital","1051 adults","Retrospective ML study","influenza_and_covid_with_drug_resistant_pathogen_focus","sars_cov_2","non_influenza_only","pathogen_specific_finding","non_influenza_findings","HA-DRP detected >=48h post-admission","Machine learning with SHAP and neural nets","2018-2024 seasonal waves","975 flu cases screened vs 1224 COVID cases screened","Parallel COVID cohort included in DRP-risk modeling","Hospital-acquired DRP acquisition in already ill viral inpatients","Age >66; indwelling catheters; MV use; LOS","Albumin <35 g/L; low cholinesterase; SHAP top variables CHE, albumin, age","NR","NR","DRP group had universal deterioration in study framing; DRPs linked to mortality and severity","Demand for ICVC and ventilators","High antibiotic use drives resistance; P. aeruginosa 16.4%; K. pneumoniae 16.1%","2018-2024 seasonal waves","SHAP ranking identified top variables; neural nets used; exact AUC not in source summary","ML explainability framework used","Focuses on DRPs rather than pure influenza outcomes; summary lacks full performance details","Hospital-acquired drug-resistant pathogens in viral respiratory disease can be predicted from routine clinical variables and materially worsen severity","Very useful for stewardship and bacterial-overlap module linked to influenza pathways","stewardship|pathogen_pack|drp|coinfection"
"fan_2025_f03","fan_2025","Fan et al. (2025) PMID: 39912067","China","Beijing Ditan Hospital","1051 adults","Retrospective ML study","influenza_and_covid_with_drug_resistant_pathogen_focus","influenza|sars_cov_2","shared_both","shared_context","study_reported_implication","HA-DRP detected >=48h post-admission","Machine learning with SHAP and neural nets","2018-2024 seasonal waves","975 flu cases screened vs 1224 COVID cases screened","Hospital-acquired drug-resistant pathogens in viral respiratory disease can be predicted from routine clinical variables and materially worsen severity","Hospital-acquired DRP acquisition in already ill viral inpatients","Age >66; indwelling catheters; MV use; LOS","Albumin <35 g/L; low cholinesterase; SHAP top variables CHE, albumin, age","NR","NR","DRP group had universal deterioration in study framing; DRPs linked to mortality and severity","Demand for ICVC and ventilators","High antibiotic use drives resistance; P. aeruginosa 16.4%; K. pneumoniae 16.1%","2018-2024 seasonal waves","SHAP ranking identified top variables; neural nets used; exact AUC not in source summary","ML explainability framework used","Focuses on DRPs rather than pure influenza outcomes; summary lacks full performance details","Hospital-acquired drug-resistant pathogens in viral respiratory disease can be predicted from routine clinical variables and materially worsen severity","Very useful for stewardship and bacterial-overlap module linked to influenza pathways","stewardship|pathogen_pack|drp|coinfection"
"fan_2025_f04","fan_2025","Fan et al. (2025) PMID: 39912067","China","Beijing Ditan Hospital","1051 adults","Retrospective ML study","influenza_and_covid_with_drug_resistant_pathogen_focus","influenza|sars_cov_2","comparative","comparative_interpretation","comparative_findings","HA-DRP detected >=48h post-admission","Machine learning with SHAP and neural nets","2018-2024 seasonal waves","975 flu cases screened vs 1224 COVID cases screened","Comparative viral cohorts for hospital-acquired drug-resistant pathogen risk","Hospital-acquired DRP acquisition in already ill viral inpatients","Age >66; indwelling catheters; MV use; LOS","Albumin <35 g/L; low cholinesterase; SHAP top variables CHE, albumin, age","NR","NR","DRP group had universal deterioration in study framing; DRPs linked to mortality and severity","Demand for ICVC and ventilators","High antibiotic use drives resistance; P. aeruginosa 16.4%; K. pneumoniae 16.1%","2018-2024 seasonal waves","SHAP ranking identified top variables; neural nets used; exact AUC not in source summary","ML explainability framework used","Focuses on DRPs rather than pure influenza outcomes; summary lacks full performance details","Hospital-acquired drug-resistant pathogens in viral respiratory disease can be predicted from routine clinical variables and materially worsen severity","Very useful for stewardship and bacterial-overlap module linked to influenza pathways","stewardship|pathogen_pack|drp|coinfection"
"liddy_2025_f01","liddy_2025","Liddy et al. (2025) DOI: 10.1097/CCE.1289","Ireland","National sepsis dataset","100941 sepsis events","Retrospective national cohort","flu_pneumonia_and_sars_cov_2_within_ha_sepsis","influenza","influenza_only","pathogen_specific_finding","influenza_specific_findings","HA-sepsis onset >=2 days post-admission","ICD-10-AM coding","National longitudinal dataset","HA vs CA sepsis; pathogen-category comparisons","Flu/pneumonia accounted for 28.9% of HA-sepsis and had OR 1.86 for death","Sepsis after surgery/device or during admission","Underlying multimorbidity; Medical Card proxy; cardiac disease for non-flu comparison","NR","NR","NR","46.9% required critical care; 24.4% mortality; median stay 27d; ICU 9d","Massive systemic sepsis strain","Secondary bacterial sepsis high risk","IPC-related decline 2020-2022","OR 1.86 death for flu/pneumonia; OR 2.34 for SARS-CoV-2; AOR 1.52 for HA death","Adjusted analysis present","Administrative coding may blur microbiologic specificity","HA-sepsis due to respiratory viral syndromes carries major mortality and critical care burden at national scale","Useful as problem-justification and severity-burden evidence, though not influenza-specific enough for fine pathogen-pack detail","resource_strain|problem_justification|sepsis|mortality"
"liddy_2025_f02","liddy_2025","Liddy et al. (2025) DOI: 10.1097/CCE.1289","Ireland","National sepsis dataset","100941 sepsis events","Retrospective national cohort","flu_pneumonia_and_sars_cov_2_within_ha_sepsis","sars_cov_2","non_influenza_only","pathogen_specific_finding","non_influenza_findings","HA-sepsis onset >=2 days post-admission","ICD-10-AM coding","National longitudinal dataset","HA vs CA sepsis; pathogen-category comparisons","SARS-CoV-2 had OR 2.34 for death; HA share 14.8% of all sepsis","Sepsis after surgery/device or during admission","Underlying multimorbidity; Medical Card proxy; cardiac disease for non-flu comparison","NR","NR","NR","46.9% required critical care; 24.4% mortality; median stay 27d; ICU 9d","Massive systemic sepsis strain","Secondary bacterial sepsis high risk","IPC-related decline 2020-2022","OR 1.86 death for flu/pneumonia; OR 2.34 for SARS-CoV-2; AOR 1.52 for HA death","Adjusted analysis present","Administrative coding may blur microbiologic specificity","HA-sepsis due to respiratory viral syndromes carries major mortality and critical care burden at national scale","Useful as problem-justification and severity-burden evidence, though not influenza-specific enough for fine pathogen-pack detail","resource_strain|problem_justification|sepsis|mortality"
"liddy_2025_f03","liddy_2025","Liddy et al. (2025) DOI: 10.1097/CCE.1289","Ireland","National sepsis dataset","100941 sepsis events","Retrospective national cohort","flu_pneumonia_and_sars_cov_2_within_ha_sepsis","influenza|sars_cov_2","shared_both","shared_context","study_reported_implication","HA-sepsis onset >=2 days post-admission","ICD-10-AM coding","National longitudinal dataset","HA vs CA sepsis; pathogen-category comparisons","HA-sepsis due to respiratory viral syndromes carries major mortality and critical care burden at national scale","Sepsis after surgery/device or during admission","Underlying multimorbidity; Medical Card proxy; cardiac disease for non-flu comparison","NR","NR","NR","46.9% required critical care; 24.4% mortality; median stay 27d; ICU 9d","Massive systemic sepsis strain","Secondary bacterial sepsis high risk","IPC-related decline 2020-2022","OR 1.86 death for flu/pneumonia; OR 2.34 for SARS-CoV-2; AOR 1.52 for HA death","Adjusted analysis present","Administrative coding may blur microbiologic specificity","HA-sepsis due to respiratory viral syndromes carries major mortality and critical care burden at national scale","Useful as problem-justification and severity-burden evidence, though not influenza-specific enough for fine pathogen-pack detail","resource_strain|problem_justification|sepsis|mortality"
"liddy_2025_f04","liddy_2025","Liddy et al. (2025) DOI: 10.1097/CCE.1289","Ireland","National sepsis dataset","100941 sepsis events","Retrospective national cohort","flu_pneumonia_and_sars_cov_2_within_ha_sepsis","influenza|sars_cov_2","shared_both","shared_context","comparative_findings","HA-sepsis onset >=2 days post-admission","ICD-10-AM coding","National longitudinal dataset","HA vs CA sepsis; pathogen-category comparisons","Flu/pneumonia and SARS-CoV-2 both caused high critical care burden","Sepsis after surgery/device or during admission","Underlying multimorbidity; Medical Card proxy; cardiac disease for non-flu comparison","NR","NR","NR","46.9% required critical care; 24.4% mortality; median stay 27d; ICU 9d","Massive systemic sepsis strain","Secondary bacterial sepsis high risk","IPC-related decline 2020-2022","OR 1.86 death for flu/pneumonia; OR 2.34 for SARS-CoV-2; AOR 1.52 for HA death","Adjusted analysis present","Administrative coding may blur microbiologic specificity","HA-sepsis due to respiratory viral syndromes carries major mortality and critical care burden at national scale","Useful as problem-justification and severity-burden evidence, though not influenza-specific enough for fine pathogen-pack detail","resource_strain|problem_justification|sepsis|mortality"
"bonin_2025_f01","bonin_2025","Bonin et al. (2025) DOI: 10.57187/s.4324","Switzerland","Regional hospital network / Swiss regional setting","8135 tests","Retrospective cohort","flu_and_rsv_nosocomial_testing_cohort","influenza","influenza_only","pathogen_specific_finding","influenza_specific_findings","Nosocomial >=48h post-admission","Quadrivalent PCR","Testing cohort with pandemic-era temporal effects","Flu/RSV descriptive comparison","Dual Flu/RSV was rare; flu mimicked bacterial HAP in resource use","Deterioration around day 4 of stay; RSV noted explicitly","Cardiac disease; pulmonary disease; anemia","Quadrivalent PCR confirmation; 39% had pulmonary infiltrates","NR","NR","Mean stay 8 days; ICU/intermediate care 8.9%; RSV mortality 6%","Resource use mirrored bacterial HAP","Flu and RSV may mimic bacterial HAP; differential testing important","Pandemic suppression shifted cycles","Descriptive testing and positivity measures","Not clear if adjusted","Regional and testing-based dataset; not all findings influenza-specific","Quadrivalent PCR surveillance improves recognition of viral inpatient disease that can resemble bacterial HAP","Good for differential diagnosis, adult RSV comparison, and diagnostic-gap logic","dx_gap|resource_strain|differential_diagnosis|rsv"
"bonin_2025_f02","bonin_2025","Bonin et al. (2025) DOI: 10.57187/s.4324","Switzerland","Regional hospital network / Swiss regional setting","8135 tests","Retrospective cohort","flu_and_rsv_nosocomial_testing_cohort","rsv","non_influenza_only","pathogen_specific_finding","non_influenza_findings","Nosocomial >=48h post-admission","Quadrivalent PCR","Testing cohort with pandemic-era temporal effects","Flu/RSV descriptive comparison","RSV positivity 2.8%; 77% test surge; RSV inpatients had 6% mortality and 8.9% ICU/intermediate care","Deterioration around day 4 of stay; RSV noted explicitly","Cardiac disease; pulmonary disease; anemia","Quadrivalent PCR confirmation; 39% had pulmonary infiltrates","NR","NR","Mean stay 8 days; ICU/intermediate care 8.9%; RSV mortality 6%","Resource use mirrored bacterial HAP","Flu and RSV may mimic bacterial HAP; differential testing important","Pandemic suppression shifted cycles","Descriptive testing and positivity measures","Not clear if adjusted","Regional and testing-based dataset; not all findings influenza-specific","Quadrivalent PCR surveillance improves recognition of viral inpatient disease that can resemble bacterial HAP","Good for differential diagnosis, adult RSV comparison, and diagnostic-gap logic","dx_gap|resource_strain|differential_diagnosis|rsv"
"bonin_2025_f03","bonin_2025","Bonin et al. (2025) DOI: 10.57187/s.4324","Switzerland","Regional hospital network / Swiss regional setting","8135 tests","Retrospective cohort","flu_and_rsv_nosocomial_testing_cohort","influenza|rsv","shared_both","shared_context","study_reported_implication","Nosocomial >=48h post-admission","Quadrivalent PCR","Testing cohort with pandemic-era temporal effects","Flu/RSV descriptive comparison","Quadrivalent PCR surveillance improves recognition of viral inpatient disease that can resemble bacterial HAP","Deterioration around day 4 of stay; RSV noted explicitly","Cardiac disease; pulmonary disease; anemia","Quadrivalent PCR confirmation; 39% had pulmonary infiltrates","NR","NR","Mean stay 8 days; ICU/intermediate care 8.9%; RSV mortality 6%","Resource use mirrored bacterial HAP","Flu and RSV may mimic bacterial HAP; differential testing important","Pandemic suppression shifted cycles","Descriptive testing and positivity measures","Not clear if adjusted","Regional and testing-based dataset; not all findings influenza-specific","Quadrivalent PCR surveillance improves recognition of viral inpatient disease that can resemble bacterial HAP","Good for differential diagnosis, adult RSV comparison, and diagnostic-gap logic","dx_gap|resource_strain|differential_diagnosis|rsv"
"bonin_2025_f04","bonin_2025","Bonin et al. (2025) DOI: 10.57187/s.4324","Switzerland","Regional hospital network / Swiss regional setting","8135 tests","Retrospective cohort","flu_and_rsv_nosocomial_testing_cohort","influenza|rsv","comparative","comparative_interpretation","comparative_findings","Nosocomial >=48h post-admission","Quadrivalent PCR","Testing cohort with pandemic-era temporal effects","Flu/RSV descriptive comparison","Flu vs RSV hospital burden described in same testing system","Deterioration around day 4 of stay; RSV noted explicitly","Cardiac disease; pulmonary disease; anemia","Quadrivalent PCR confirmation; 39% had pulmonary infiltrates","NR","NR","Mean stay 8 days; ICU/intermediate care 8.9%; RSV mortality 6%","Resource use mirrored bacterial HAP","Flu and RSV may mimic bacterial HAP; differential testing important","Pandemic suppression shifted cycles","Descriptive testing and positivity measures","Not clear if adjusted","Regional and testing-based dataset; not all findings influenza-specific","Quadrivalent PCR surveillance improves recognition of viral inpatient disease that can resemble bacterial HAP","Good for differential diagnosis, adult RSV comparison, and diagnostic-gap logic","dx_gap|resource_strain|differential_diagnosis|rsv"
"ursic_2025_f01","ursic_2025","Uršič et al. (2025) DOI: 10.3390/jcm13226458","Slovenia","Mixed ICU","92 mechanically ventilated patients","Prospective/diagnostic comparative ICU study","mixed_viruses_in_hap_vap_context","influenza_a|influenza_b|influenza","influenza_only","pathogen_specific_finding","influenza_specific_findings","HAP/VAP >=48h post-admission or intubation","BioFire PNplus panel vs culture","ICU ventilated cohort","Culture vs rapid multiplex PCR; unsuspected viral cases","4 unsuspected influenza cases detected (3 Influenza A, 1 Influenza B)","Culture-negative but clinically failing patients as trigger","NR","Antibiotics masked 43% of cultures; rapid PCR identified pathogens in 1.5h vs 72h","ICU ventilated environment only","NR","100% ventilation cohort; overall mortality 21.7%; median ICU 11d; total stay 21.5d","PCR significantly cut diagnostic lag","Co-circulation with S. aureus and K. pneumoniae; antibiotic adjustment in 62%","Higher viral yield in winter","1.5h vs 72h; 43% cultures masked; antibiotics adjusted in 62%","Diagnostic comparative study","Small ICU cohort; not influenza-only","Rapid multiplex PCR uncovers hidden influenza and other viral etiologies in ventilated HAP/VAP patients and materially changes stewardship","Excellent support for rapid testing, hidden influenza detection, and stewardship workflow","stewardship|pathogen_pack|rapid_testing|hidden_flu"
"ursic_2025_f02","ursic_2025","Uršič et al. (2025) DOI: 10.3390/jcm13226458","Slovenia","Mixed ICU","92 mechanically ventilated patients","Prospective/diagnostic comparative ICU study","mixed_viruses_in_hap_vap_context","rhinovirus_enterovirus","non_influenza_only","pathogen_specific_finding","non_influenza_findings","HAP/VAP >=48h post-admission or intubation","BioFire PNplus panel vs culture","ICU ventilated cohort","Culture vs rapid multiplex PCR; unsuspected viral cases","Rhino/Entero 11 cases; mixed viral yield in ventilated ICU","Culture-negative but clinically failing patients as trigger","NR","Antibiotics masked 43% of cultures; rapid PCR identified pathogens in 1.5h vs 72h","ICU ventilated environment only","NR","100% ventilation cohort; overall mortality 21.7%; median ICU 11d; total stay 21.5d","PCR significantly cut diagnostic lag","Co-circulation with S. aureus and K. pneumoniae; antibiotic adjustment in 62%","Higher viral yield in winter","1.5h vs 72h; 43% cultures masked; antibiotics adjusted in 62%","Diagnostic comparative study","Small ICU cohort; not influenza-only","Rapid multiplex PCR uncovers hidden influenza and other viral etiologies in ventilated HAP/VAP patients and materially changes stewardship","Excellent support for rapid testing, hidden influenza detection, and stewardship workflow","stewardship|pathogen_pack|rapid_testing|hidden_flu"
"ursic_2025_f03","ursic_2025","Uršič et al. (2025) DOI: 10.3390/jcm13226458","Slovenia","Mixed ICU","92 mechanically ventilated patients","Prospective/diagnostic comparative ICU study","mixed_viruses_in_hap_vap_context","influenza_a|influenza_b|influenza|rhinovirus_enterovirus","shared_both","shared_context","study_reported_implication","HAP/VAP >=48h post-admission or intubation","BioFire PNplus panel vs culture","ICU ventilated cohort","Culture vs rapid multiplex PCR; unsuspected viral cases","Rapid multiplex PCR uncovers hidden influenza and other viral etiologies in ventilated HAP/VAP patients and materially changes stewardship","Culture-negative but clinically failing patients as trigger","NR","Antibiotics masked 43% of cultures; rapid PCR identified pathogens in 1.5h vs 72h","ICU ventilated environment only","NR","100% ventilation cohort; overall mortality 21.7%; median ICU 11d; total stay 21.5d","PCR significantly cut diagnostic lag","Co-circulation with S. aureus and K. pneumoniae; antibiotic adjustment in 62%","Higher viral yield in winter","1.5h vs 72h; 43% cultures masked; antibiotics adjusted in 62%","Diagnostic comparative study","Small ICU cohort; not influenza-only","Rapid multiplex PCR uncovers hidden influenza and other viral etiologies in ventilated HAP/VAP patients and materially changes stewardship","Excellent support for rapid testing, hidden influenza detection, and stewardship workflow","stewardship|pathogen_pack|rapid_testing|hidden_flu"
"ursic_2025_f04","ursic_2025","Uršič et al. (2025) DOI: 10.3390/jcm13226458","Slovenia","Mixed ICU","92 mechanically ventilated patients","Prospective/diagnostic comparative ICU study","mixed_viruses_in_hap_vap_context","influenza_a|influenza_b|influenza|rhinovirus_enterovirus","shared_both","shared_context","comparative_findings","HAP/VAP >=48h post-admission or intubation","BioFire PNplus panel vs culture","ICU ventilated cohort","Culture vs rapid multiplex PCR; unsuspected viral cases","Shows hidden influenza and other viruses missed by culture-based workflows","Culture-negative but clinically failing patients as trigger","NR","Antibiotics masked 43% of cultures; rapid PCR identified pathogens in 1.5h vs 72h","ICU ventilated environment only","NR","100% ventilation cohort; overall mortality 21.7%; median ICU 11d; total stay 21.5d","PCR significantly cut diagnostic lag","Co-circulation with S. aureus and K. pneumoniae; antibiotic adjustment in 62%","Higher viral yield in winter","1.5h vs 72h; 43% cultures masked; antibiotics adjusted in 62%","Diagnostic comparative study","Small ICU cohort; not influenza-only","Rapid multiplex PCR uncovers hidden influenza and other viral etiologies in ventilated HAP/VAP patients and materially changes stewardship","Excellent support for rapid testing, hidden influenza detection, and stewardship workflow","stewardship|pathogen_pack|rapid_testing|hidden_flu"
"zhang_2025_f01","zhang_2025","Zhang et al. (2025) DOI: 10.3389/fpubh.2025.1495794","China","Zhengzhou Central Hospital","953 adults","Retrospective ML study","influenza_focused_with_background_non_flu_surveillance_context","influenza","influenza_only","pathogen_specific_finding","influenza_specific_findings","HA onset >=48h post-admission","8 ML algorithms; XGBoost optimal","Jan 2021 to May 2024","HA-flu severity risk groups within monitored influenza cases","4.7% of monitored influenza cases were HA; 39.2% severe illness incidence in HA-flu; mortality 18.8%; 11.38% of all flu was HA","Deterioration in high-risk screened groups","Age >60; malignant tumor; chronic renal failure; pneumonia","Lymphopenia; BMI; hypoproteinemia","NR","NR","Severe illness 39.2%; mortality 18.8%; prolonged hospitalization","Routine data could support early automated screening","Surveillance often misses HA-flu while focusing on bacteria/other viruses","Jan 2021-May 2024 longitudinal","XGBoost AUC 0.826; online tool for 73.3% risk probability alerts","ML model-based","Single-center retrospective model; details on external validation not in summary","Routine inpatient data can predict severe HA-influenza early enough to support automated screening","Strong direct support for influenza-specific risk engine and early warning logic","pathogen_pack|risk_profile|dx_gap|ml_screening"
"zhang_2025_f02","zhang_2025","Zhang et al. (2025) DOI: 10.3389/fpubh.2025.1495794","China","Zhengzhou Central Hospital","953 adults","Retrospective ML study","influenza_focused_with_background_non_flu_surveillance_context","non_influenza","non_influenza_only","pathogen_specific_finding","non_influenza_findings","HA onset >=48h post-admission","8 ML algorithms; XGBoost optimal","Jan 2021 to May 2024","HA-flu severity risk groups within monitored influenza cases","Background non-flu surveillance context only","Deterioration in high-risk screened groups","Age >60; malignant tumor; chronic renal failure; pneumonia","Lymphopenia; BMI; hypoproteinemia","NR","NR","Severe illness 39.2%; mortality 18.8%; prolonged hospitalization","Routine data could support early automated screening","Surveillance often misses HA-flu while focusing on bacteria/other viruses","Jan 2021-May 2024 longitudinal","XGBoost AUC 0.826; online tool for 73.3% risk probability alerts","ML model-based","Single-center retrospective model; details on external validation not in summary","Routine inpatient data can predict severe HA-influenza early enough to support automated screening","Strong direct support for influenza-specific risk engine and early warning logic","pathogen_pack|risk_profile|dx_gap|ml_screening"
"zhang_2025_f03","zhang_2025","Zhang et al. (2025) DOI: 10.3389/fpubh.2025.1495794","China","Zhengzhou Central Hospital","953 adults","Retrospective ML study","influenza_focused_with_background_non_flu_surveillance_context","influenza|non_influenza","shared_both","shared_context","study_reported_implication","HA onset >=48h post-admission","8 ML algorithms; XGBoost optimal","Jan 2021 to May 2024","HA-flu severity risk groups within monitored influenza cases","Routine inpatient data can predict severe HA-influenza early enough to support automated screening","Deterioration in high-risk screened groups","Age >60; malignant tumor; chronic renal failure; pneumonia","Lymphopenia; BMI; hypoproteinemia","NR","NR","Severe illness 39.2%; mortality 18.8%; prolonged hospitalization","Routine data could support early automated screening","Surveillance often misses HA-flu while focusing on bacteria/other viruses","Jan 2021-May 2024 longitudinal","XGBoost AUC 0.826; online tool for 73.3% risk probability alerts","ML model-based","Single-center retrospective model; details on external validation not in summary","Routine inpatient data can predict severe HA-influenza early enough to support automated screening","Strong direct support for influenza-specific risk engine and early warning logic","pathogen_pack|risk_profile|dx_gap|ml_screening"
"zhang_2025_f04","zhang_2025","Zhang et al. (2025) DOI: 10.3389/fpubh.2025.1495794","China","Zhengzhou Central Hospital","953 adults","Retrospective ML study","influenza_focused_with_background_non_flu_surveillance_context","influenza|non_influenza","comparative","comparative_interpretation","comparative_findings","HA onset >=48h post-admission","8 ML algorithms; XGBoost optimal","Jan 2021 to May 2024","HA-flu severity risk groups within monitored influenza cases","Non-flu surveillance often dominates and may miss HA-flu","Deterioration in high-risk screened groups","Age >60; malignant tumor; chronic renal failure; pneumonia","Lymphopenia; BMI; hypoproteinemia","NR","NR","Severe illness 39.2%; mortality 18.8%; prolonged hospitalization","Routine data could support early automated screening","Surveillance often misses HA-flu while focusing on bacteria/other viruses","Jan 2021-May 2024 longitudinal","XGBoost AUC 0.826; online tool for 73.3% risk probability alerts","ML model-based","Single-center retrospective model; details on external validation not in summary","Routine inpatient data can predict severe HA-influenza early enough to support automated screening","Strong direct support for influenza-specific risk engine and early warning logic","pathogen_pack|risk_profile|dx_gap|ml_screening"
"costa_salachas_2025_f01","costa_salachas_2025","Costa Salachas et al. (2025) PMID: 40217353","France","900-bed university hospital, 27 wards","27 wards over 10 years","Retrospective cohort","flu_and_other_hospital_acquired_viral_respiratory_infections","influenza","influenza_only","pathogen_specific_finding","influenza_specific_findings","Positive PCR >=5 days after admission","PCR plus linear mixed-effects model","10 consecutive years including pandemic","Ward-level architecture and community-incidence comparisons","For influenza, HA incidence increased by +0.01/1000 days per 10% increase in double-room exposure","Double-occupancy rooms; community incidence; mask and sanitizer utilization","Double-room density; community-acquired case density","NR","Double-occupancy room density as structural risk factor","Ward-level clustering tied to room occupancy and community incidence","Statistical association between architecture and HA transmission","Supports structural mitigation and ward-level prevention planning","Focus on viral transmission dynamics rather than bacterial coinfection","10-year period including pandemic disruption","p<0.001 for community-acquired case association with HA incidence; flu-specific increment +0.01/1000 days per 10% room increase","Linear mixed-effects modeling","Ward-level ecological design may limit patient-level causality","Hospital architecture, especially double-room density, materially influences hospital-acquired influenza and other viral transmission","Very strong for structural-risk and ward-vulnerability modules","ward_vulnerability|structural_risk|space_time_overlap|ipc"
"costa_salachas_2025_f02","costa_salachas_2025","Costa Salachas et al. (2025) PMID: 40217353","France","900-bed university hospital, 27 wards","27 wards over 10 years","Retrospective cohort","flu_and_other_hospital_acquired_viral_respiratory_infections","non_influenza","non_influenza_only","pathogen_specific_finding","non_influenza_findings","Positive PCR >=5 days after admission","PCR plus linear mixed-effects model","10 consecutive years including pandemic","Ward-level architecture and community-incidence comparisons","Overall HA-VRI incidence 0.57/1000 hospital-days; community incidence associated with HA incidence","Double-occupancy rooms; community incidence; mask and sanitizer utilization","Double-room density; community-acquired case density","NR","Double-occupancy room density as structural risk factor","Ward-level clustering tied to room occupancy and community incidence","Statistical association between architecture and HA transmission","Supports structural mitigation and ward-level prevention planning","Focus on viral transmission dynamics rather than bacterial coinfection","10-year period including pandemic disruption","p<0.001 for community-acquired case association with HA incidence; flu-specific increment +0.01/1000 days per 10% room increase","Linear mixed-effects modeling","Ward-level ecological design may limit patient-level causality","Hospital architecture, especially double-room density, materially influences hospital-acquired influenza and other viral transmission","Very strong for structural-risk and ward-vulnerability modules","ward_vulnerability|structural_risk|space_time_overlap|ipc"
"costa_salachas_2025_f03","costa_salachas_2025","Costa Salachas et al. (2025) PMID: 40217353","France","900-bed university hospital, 27 wards","27 wards over 10 years","Retrospective cohort","flu_and_other_hospital_acquired_viral_respiratory_infections","influenza|non_influenza","shared_both","shared_context","study_reported_implication","Positive PCR >=5 days after admission","PCR plus linear mixed-effects model","10 consecutive years including pandemic","Ward-level architecture and community-incidence comparisons","Hospital architecture, especially double-room density, materially influences hospital-acquired influenza and other viral transmission","Double-occupancy rooms; community incidence; mask and sanitizer utilization","Double-room density; community-acquired case density","NR","Double-occupancy room density as structural risk factor","Ward-level clustering tied to room occupancy and community incidence","Statistical association between architecture and HA transmission","Supports structural mitigation and ward-level prevention planning","Focus on viral transmission dynamics rather than bacterial coinfection","10-year period including pandemic disruption","p<0.001 for community-acquired case association with HA incidence; flu-specific increment +0.01/1000 days per 10% room increase","Linear mixed-effects modeling","Ward-level ecological design may limit patient-level causality","Hospital architecture, especially double-room density, materially influences hospital-acquired influenza and other viral transmission","Very strong for structural-risk and ward-vulnerability modules","ward_vulnerability|structural_risk|space_time_overlap|ipc"
"costa_salachas_2025_f04","costa_salachas_2025","Costa Salachas et al. (2025) PMID: 40217353","France","900-bed university hospital, 27 wards","27 wards over 10 years","Retrospective cohort","flu_and_other_hospital_acquired_viral_respiratory_infections","influenza|non_influenza","comparative","comparative_interpretation","comparative_findings","Positive PCR >=5 days after admission","PCR plus linear mixed-effects model","10 consecutive years including pandemic","Ward-level architecture and community-incidence comparisons","Parallel architecture/transmission dynamics across flu and broader HA-VRI","Double-occupancy rooms; community incidence; mask and sanitizer utilization","Double-room density; community-acquired case density","NR","Double-occupancy room density as structural risk factor","Ward-level clustering tied to room occupancy and community incidence","Statistical association between architecture and HA transmission","Supports structural mitigation and ward-level prevention planning","Focus on viral transmission dynamics rather than bacterial coinfection","10-year period including pandemic disruption","p<0.001 for community-acquired case association with HA incidence; flu-specific increment +0.01/1000 days per 10% room increase","Linear mixed-effects modeling","Ward-level ecological design may limit patient-level causality","Hospital architecture, especially double-room density, materially influences hospital-acquired influenza and other viral transmission","Very strong for structural-risk and ward-vulnerability modules","ward_vulnerability|structural_risk|space_time_overlap|ipc"
"dabaja_younis_2024_f01","dabaja_younis_2024","Dabaja-Younis et al. (2024) DOI: 10.1186/s12879-024-09240-0","Israel","1000-bed tertiary hospital","All ages","Retrospective cohort","covid_era_hospital_acquired_infection_ecology_with_influenza_comparison","influenza","influenza_only","pathogen_specific_finding","influenza_specific_findings","Hospital-acquired identified >48h post-admission; C. difficile >=72h","Vitek-2 plus PCR","2016-2021; winter seasons vs pandemic waves","Seasonal influenza periods vs pandemic periods","Influenza did not trigger heightened vigilance or equivalent ICU escalation and showed no significant resistance impact","Healthcare worker behavior, burnout, shortages, and capacity limits influenced transmission-control response","Staff non-compliance and fear-based behavior differences were key operational predictors","Hand hygiene 70%; glove non-compliance 40%; no major behavior change during routine influenza periods","Environmental cleaning and PPE intensified during pandemic response","NR","No equivalent ICU escalation during seasonal influenza; secondary infection burden rose in pandemic response","High PPE use and intensified environmental cleaning during pandemic response","Altered bacterial spread: CRE up, MRSA down","Winter seasons Dec-Feb vs pandemic waves Mar-Nov","p=0.233 for no resistance impact in seasonal period; p=0.006 HA-BSI increase; p<0.001 MRSA decline","Comparative retrospective cohort","Not an influenza-outcome paper per se; behavior/institutional response focus","Response to routine influenza threats is weaker than to novel respiratory threats, with implications for compliance and automated enforcement","Important for governance logic and why automation is needed for routine respiratory threats","governance|ipc|human_factors|automation_justification"
"dabaja_younis_2024_f02","dabaja_younis_2024","Dabaja-Younis et al. (2024) DOI: 10.1186/s12879-024-09240-0","Israel","1000-bed tertiary hospital","All ages","Retrospective cohort","covid_era_hospital_acquired_infection_ecology_with_influenza_comparison","sars_cov_2","non_influenza_only","pathogen_specific_finding","non_influenza_findings","Hospital-acquired identified >48h post-admission; C. difficile >=72h","Vitek-2 plus PCR","2016-2021; winter seasons vs pandemic waves","Seasonal influenza periods vs pandemic periods","COVID-era fear-based protocols altered bacterial ecology; CRE increased; MRSA declined","Healthcare worker behavior, burnout, shortages, and capacity limits influenced transmission-control response","Staff non-compliance and fear-based behavior differences were key operational predictors","Hand hygiene 70%; glove non-compliance 40%; no major behavior change during routine influenza periods","Environmental cleaning and PPE intensified during pandemic response","NR","No equivalent ICU escalation during seasonal influenza; secondary infection burden rose in pandemic response","High PPE use and intensified environmental cleaning during pandemic response","Altered bacterial spread: CRE up, MRSA down","Winter seasons Dec-Feb vs pandemic waves Mar-Nov","p=0.233 for no resistance impact in seasonal period; p=0.006 HA-BSI increase; p<0.001 MRSA decline","Comparative retrospective cohort","Not an influenza-outcome paper per se; behavior/institutional response focus","Response to routine influenza threats is weaker than to novel respiratory threats, with implications for compliance and automated enforcement","Important for governance logic and why automation is needed for routine respiratory threats","governance|ipc|human_factors|automation_justification"
"dabaja_younis_2024_f03","dabaja_younis_2024","Dabaja-Younis et al. (2024) DOI: 10.1186/s12879-024-09240-0","Israel","1000-bed tertiary hospital","All ages","Retrospective cohort","covid_era_hospital_acquired_infection_ecology_with_influenza_comparison","influenza|sars_cov_2","shared_both","shared_context","study_reported_implication","Hospital-acquired identified >48h post-admission; C. difficile >=72h","Vitek-2 plus PCR","2016-2021; winter seasons vs pandemic waves","Seasonal influenza periods vs pandemic periods","Response to routine influenza threats is weaker than to novel respiratory threats, with implications for compliance and automated enforcement","Healthcare worker behavior, burnout, shortages, and capacity limits influenced transmission-control response","Staff non-compliance and fear-based behavior differences were key operational predictors","Hand hygiene 70%; glove non-compliance 40%; no major behavior change during routine influenza periods","Environmental cleaning and PPE intensified during pandemic response","NR","No equivalent ICU escalation during seasonal influenza; secondary infection burden rose in pandemic response","High PPE use and intensified environmental cleaning during pandemic response","Altered bacterial spread: CRE up, MRSA down","Winter seasons Dec-Feb vs pandemic waves Mar-Nov","p=0.233 for no resistance impact in seasonal period; p=0.006 HA-BSI increase; p<0.001 MRSA decline","Comparative retrospective cohort","Not an influenza-outcome paper per se; behavior/institutional response focus","Response to routine influenza threats is weaker than to novel respiratory threats, with implications for compliance and automated enforcement","Important for governance logic and why automation is needed for routine respiratory threats","governance|ipc|human_factors|automation_justification"
"dabaja_younis_2024_f04","dabaja_younis_2024","Dabaja-Younis et al. (2024) DOI: 10.1186/s12879-024-09240-0","Israel","1000-bed tertiary hospital","All ages","Retrospective cohort","covid_era_hospital_acquired_infection_ecology_with_influenza_comparison","influenza|sars_cov_2","comparative","comparative_interpretation","comparative_findings","Hospital-acquired identified >48h post-admission; C. difficile >=72h","Vitek-2 plus PCR","2016-2021; winter seasons vs pandemic waves","Seasonal influenza periods vs pandemic periods","Contrasts routine influenza-season behavior with pandemic response behavior","Healthcare worker behavior, burnout, shortages, and capacity limits influenced transmission-control response","Staff non-compliance and fear-based behavior differences were key operational predictors","Hand hygiene 70%; glove non-compliance 40%; no major behavior change during routine influenza periods","Environmental cleaning and PPE intensified during pandemic response","NR","No equivalent ICU escalation during seasonal influenza; secondary infection burden rose in pandemic response","High PPE use and intensified environmental cleaning during pandemic response","Altered bacterial spread: CRE up, MRSA down","Winter seasons Dec-Feb vs pandemic waves Mar-Nov","p=0.233 for no resistance impact in seasonal period; p=0.006 HA-BSI increase; p<0.001 MRSA decline","Comparative retrospective cohort","Not an influenza-outcome paper per se; behavior/institutional response focus","Response to routine influenza threats is weaker than to novel respiratory threats, with implications for compliance and automated enforcement","Important for governance logic and why automation is needed for routine respiratory threats","governance|ipc|human_factors|automation_justification"
"grant_2025_f01","grant_2025","Grant et al. (2025) DOI: 10.1093/cid/ciae558","Switzerland","9 tertiary/large regional hospitals","3769 adults","Retrospective nationwide cohort","hospital_acquired_influenza_vs_hospital_acquired_omicron_covid","influenza","influenza_only","pathogen_specific_finding","influenza_specific_findings","Hospital-acquired symptom onset plus positive PCR >=3 days post-admission","PCR; Fine-Gray models","Jan 2022 to Mar 2023","868 HA-influenza vs 2901 HA-Omicron","HA-influenza had acute complications 35.3%, ICU 2.6%, IMCU 1.4%, mortality 6.1%","Established inpatient respiratory symptoms with hospital-onset testing","Older age, higher Charlson score; lack of vaccination linked to prolonged stay","Positive influenza A/B PCR panel","NR","NR","Mortality 6.1% vs 6.2%; median stay 11 days for HA-flu; substantial acute complications","High critical care demand similar to Omicron","Secondary bacterial pneumonia frequent; bacterial coinfection not main focus","Temperate winter seasonality for flu; year-round pandemic context","sHR 0.91 for mortality equivalence framing; Fine-Gray models","Adjusted competing-risk modeling","Observational nationwide cohort; pathogen-specific comparability may still have residual confounding","Modern hospital-acquired influenza remains as clinically serious as HA-COVID in several key outcomes","Very strong modern justification that HA-influenza deserves high-severity operational treatment","problem_justification|comparative_epidemiology|unvaccinated|high_severity"
"grant_2025_f02","grant_2025","Grant et al. (2025) DOI: 10.1093/cid/ciae558","Switzerland","9 tertiary/large regional hospitals","3769 adults","Retrospective nationwide cohort","hospital_acquired_influenza_vs_hospital_acquired_omicron_covid","sars_cov_2_omicron|sars_cov_2","non_influenza_only","pathogen_specific_finding","non_influenza_findings","Hospital-acquired symptom onset plus positive PCR >=3 days post-admission","PCR; Fine-Gray models","Jan 2022 to Mar 2023","868 HA-influenza vs 2901 HA-Omicron","HA-Omicron mortality 6.2%, ICU 2.4%, IMCU 2.9%, median stay 12 days","Established inpatient respiratory symptoms with hospital-onset testing","Older age, higher Charlson score; lack of vaccination linked to prolonged stay","Positive influenza A/B PCR panel","NR","NR","Mortality 6.1% vs 6.2%; median stay 11 days for HA-flu; substantial acute complications","High critical care demand similar to Omicron","Secondary bacterial pneumonia frequent; bacterial coinfection not main focus","Temperate winter seasonality for flu; year-round pandemic context","sHR 0.91 for mortality equivalence framing; Fine-Gray models","Adjusted competing-risk modeling","Observational nationwide cohort; pathogen-specific comparability may still have residual confounding","Modern hospital-acquired influenza remains as clinically serious as HA-COVID in several key outcomes","Very strong modern justification that HA-influenza deserves high-severity operational treatment","problem_justification|comparative_epidemiology|unvaccinated|high_severity"
"grant_2025_f03","grant_2025","Grant et al. (2025) DOI: 10.1093/cid/ciae558","Switzerland","9 tertiary/large regional hospitals","3769 adults","Retrospective nationwide cohort","hospital_acquired_influenza_vs_hospital_acquired_omicron_covid","influenza|sars_cov_2_omicron|sars_cov_2","shared_both","shared_context","study_reported_implication","Hospital-acquired symptom onset plus positive PCR >=3 days post-admission","PCR; Fine-Gray models","Jan 2022 to Mar 2023","868 HA-influenza vs 2901 HA-Omicron","Modern hospital-acquired influenza remains as clinically serious as HA-COVID in several key outcomes","Established inpatient respiratory symptoms with hospital-onset testing","Older age, higher Charlson score; lack of vaccination linked to prolonged stay","Positive influenza A/B PCR panel","NR","NR","Mortality 6.1% vs 6.2%; median stay 11 days for HA-flu; substantial acute complications","High critical care demand similar to Omicron","Secondary bacterial pneumonia frequent; bacterial coinfection not main focus","Temperate winter seasonality for flu; year-round pandemic context","sHR 0.91 for mortality equivalence framing; Fine-Gray models","Adjusted competing-risk modeling","Observational nationwide cohort; pathogen-specific comparability may still have residual confounding","Modern hospital-acquired influenza remains as clinically serious as HA-COVID in several key outcomes","Very strong modern justification that HA-influenza deserves high-severity operational treatment","problem_justification|comparative_epidemiology|unvaccinated|high_severity"
"grant_2025_f04","grant_2025","Grant et al. (2025) DOI: 10.1093/cid/ciae558","Switzerland","9 tertiary/large regional hospitals","3769 adults","Retrospective nationwide cohort","hospital_acquired_influenza_vs_hospital_acquired_omicron_covid","influenza|sars_cov_2_omicron|sars_cov_2","comparative","comparative_interpretation","comparative_findings","Hospital-acquired symptom onset plus positive PCR >=3 days post-admission","PCR; Fine-Gray models","Jan 2022 to Mar 2023","868 HA-influenza vs 2901 HA-Omicron","Shows HA-influenza severity roughly comparable to HA-Omicron in mortality","Established inpatient respiratory symptoms with hospital-onset testing","Older age, higher Charlson score; lack of vaccination linked to prolonged stay","Positive influenza A/B PCR panel","NR","NR","Mortality 6.1% vs 6.2%; median stay 11 days for HA-flu; substantial acute complications","High critical care demand similar to Omicron","Secondary bacterial pneumonia frequent; bacterial coinfection not main focus","Temperate winter seasonality for flu; year-round pandemic context","sHR 0.91 for mortality equivalence framing; Fine-Gray models","Adjusted competing-risk modeling","Observational nationwide cohort; pathogen-specific comparability may still have residual confounding","Modern hospital-acquired influenza remains as clinically serious as HA-COVID in several key outcomes","Very strong modern justification that HA-influenza deserves high-severity operational treatment","problem_justification|comparative_epidemiology|unvaccinated|high_severity"
