source_id,citation,pmid,doi,country,setting,population,study_design,pathogen_scope,acquisition_context,hospital_acquired_definition,diagnostic_method,surveillance_frame,comparator_group,canonical_feature_name,risk_factor_type,feature_class,temporal_stage,risk_factor_definition,finding_text,effect_size,effect_size_type,confidence_interval,p_value,effect_direction,evidence_strength,adjustment_level,outcome_linked,clinical_context,applicability_to_influenza,key_limitations,study_reported_implication,codeblue_translation
zhang_2025,Zhang et al. 2025,40308921,10.3389/fpubh.2025.1495794,China,Zhengzhou Central Hospital,953 adults hospitalized >7 days,Retrospective ML study,Influenza,Hospital-acquired,>=7 days after admission,PCR + ML,2021-2024,HA vs non-HA,age,model_feature,patient,baseline,Age on admission,Important feature in ML model,NR,model_feature,NR,NR,increase_risk,low,ML model,acquisition,Adult inpatients,influenza_only,No OR reported,Age contributes to risk modeling,Include as baseline feature
zhang_2025,Zhang et al. 2025,40308921,10.3389/fpubh.2025.1495794,China,Zhengzhou Central Hospital,953 adults hospitalized >7 days,Retrospective ML study,Influenza,Hospital-acquired,>=7 days after admission,PCR + ML,2021-2024,HA vs non-HA,pneumonia_at_admission,model_feature,radiology,early_hospitalization,Pneumonia present on admission,Important feature in ML model,NR,model_feature,NR,NR,increase_risk,low,ML model,acquisition,Adult inpatients,influenza_only,No OR reported,Add early radiology feature,LAB SIGNAL
zhang_2025,Zhang et al. 2025,40308921,10.3389/fpubh.2025.1495794,China,Zhengzhou Central Hospital,953 adults hospitalized >7 days,Retrospective ML study,Influenza,Hospital-acquired,>=7 days after admission,PCR + ML,2021-2024,HA vs non-HA,chronic_kidney_disease,model_feature,comorbidity,baseline,Chronic renal disease,Important feature in ML model,NR,model_feature,NR,NR,increase_risk,low,ML model,acquisition,Adult inpatients,influenza_only,No OR reported,Add comorbidity flag,RISK PROFILE
zhang_2025,Zhang et al. 2025,40308921,10.3389/fpubh.2025.1495794,China,Zhengzhou Central Hospital,953 adults hospitalized >7 days,Retrospective ML study,Influenza,Hospital-acquired,>=7 days after admission,PCR + ML,2021-2024,HA vs non-HA,malignancy,model_feature,comorbidity,baseline,Presence of malignancy,Important feature in ML model,NR,model_feature,NR,NR,increase_risk,low,ML model,acquisition,Adult inpatients,influenza_only,No OR reported,Add cancer feature,RISK PROFILE
zhang_2025,Zhang et al. 2025,40308921,10.3389/fpubh.2025.1495794,China,Zhengzhou Central Hospital,953 adults hospitalized >7 days,Retrospective ML study,Influenza,Hospital-acquired,>=7 days after admission,PCR + ML,2021-2024,HA vs non-HA,protein_depletion,model_feature,lab,early_hospitalization,Hypoproteinemia,Important feature in ML model,NR,model_feature,NR,NR,increase_risk,low,ML model,acquisition,Adult inpatients,influenza_only,No OR reported,Add lab feature,LAB SIGNAL
zhang_2025,Zhang et al. 2025,40308921,10.3389/fpubh.2025.1495794,China,Zhengzhou Central Hospital,953 adults hospitalized >7 days,Retrospective ML study,Influenza,Hospital-acquired,>=7 days after admission,PCR + ML,2021-2024,HA vs non-HA,glucocorticoid_exposure,model_feature,treatment,early_hospitalization,Steroid exposure,Important feature in ML model,NR,model_feature,NR,NR,increase_risk,low,ML model,acquisition,Adult inpatients,influenza_only,No OR reported,Add treatment exposure feature,TREATMENT CONTEXT
zhang_2025,Zhang et al. 2025,40308921,10.3389/fpubh.2025.1495794,China,Zhengzhou Central Hospital,953 adults hospitalized >7 days,Retrospective ML study,Influenza,Hospital-acquired,>=7 days after admission,PCR + ML,2021-2024,HA vs non-HA,lymphopenia,model_feature,lab,early_hospitalization,Low lymphocyte count,Important feature in ML model,NR,model_feature,NR,NR,increase_risk,low,ML model,acquisition,Adult inpatients,influenza_only,No OR reported,Add lab feature,LAB SIGNAL
yang_2020,Yang et al. 2020,33213361,10.1186/s12879-020-05580-9,China,Tertiary hospital,Case-control,Matched case-control,Influenza,Hospital-acquired,>=7 days,RT-PCR,2018-2019,Cases vs controls,lymphopenia,clinical_association,lab,early_hospitalization,Lymphocytopenia,Associated with HA influenza,3.11,OR,1.24-7.80,16,increase_risk,high,Multivariable,acquisition,Adult inpatients,influenza_only,Single center,Strong lab predictor,LAB SIGNAL
yang_2020,Yang et al. 2020,33213361,10.1186/s12879-020-05580-9,China,Tertiary hospital,Case-control,Matched case-control,Influenza,Hospital-acquired,>=7 days,RT-PCR,2018-2019,Cases vs controls,hypoalbuminemia,clinical_association,lab,early_hospitalization,Low albumin,Associated with HA influenza,2.24,OR,1.10-4.57,27,increase_risk,high,Multivariable,acquisition,Adult inpatients,influenza_only,Single center,Nutritional state impacts risk,LAB SIGNAL
yang_2020,Yang et al. 2020,33213361,10.1186/s12879-020-05580-9,China,Tertiary hospital,Case-control,Matched case-control,Influenza,Hospital-acquired,>=7 days,RT-PCR,2018-2019,Cases vs controls,pleural_effusion,clinical_association,radiology,early_hospitalization,Pleural effusion,Associated with HA influenza,03.09,OR,1.26-7.58,14,increase_risk,high,Multivariable,acquisition,Adult inpatients,influenza_only,Single center,Radiology predictor,RADIOLOGY SIGNAL
godoy_2020,Godoy et al. 2020,31992207,10.1186/s12879-020-4792-7,Spain,12 hospitals,Case-case,Observational,Influenza,Hospital-acquired / compared,>=48 h,RT-PCR,2010-2016,Nosocomial vs others,chronic_kidney_disease,clinical_association,comorbidity,baseline,Renal disease,Associated with HA influenza,2.44,aOR,1.44-4.15,<0.001,increase_risk,high,Multivariable,acquisition,Severe influenza,influenza_only,Case-case design,Strong comorbidity factor,RISK PROFILE
godoy_2020,Godoy et al. 2020,31992207,10.1186/s12879-020-4792-7,Spain,12 hospitals,Case-case,Observational,Influenza,Hospital-acquired / compared,>=48 h,RT-PCR,2010-2016,Nosocomial vs others,immunodeficiency,clinical_association,comorbidity,baseline,Immunodeficiency,Associated with HA influenza,1.79,aOR,1.04-3.06,0.03,increase_risk,high,Multivariable,acquisition,Severe influenza,influenza_only,Case-case design,Key vulnerability factor,RISK PROFILE
bocquet_2020,Bocquet et al. 2020,33057812,10.1007/s10096-020-04070-9,France,French university hospital outbreak setting,233 hospitalized patients with PCR-confirmed influenza; 44 nosocomial cases,Prospective observational outbreak study,Influenza,Hospital-acquired,Nosocomial influenza identified during hospitalization,PCR,2015-2016 influenza season,Nosocomial influenza vs other hospitalized influenza cases,room_sharing,clinical_association,structural,during_exposure_window,Hospitalization in a double or multi-occupancy room,Hospitalization in a double or multi-occupancy room was independently associated with nosocomial influenza,3.42,aOR,1.29-9.08,13,increase_risk,high,Multivariate logistic regression,acquisition,Adult hospitalized influenza patients,influenza_only,Single-center outbreak study,Shared rooms increased the risk of nosocomial influenza,Treat shared-room placement as a high-impact structural transmission risk
payet_2016,Payet et al. 2016,26846882,10.1017/S0950268816000145,France,Edouard Herriot Hospital outbreaks,21417 patients at risk; 64 incident ILI cases during three outbreaks,Prospective observational study with Bayesian transmission modeling,Influenza + other respiratory viruses,Hospital-acquired exposure mode,HA-ILI during hospital outbreaks,Prospective surveillance plus Bayesian transmission model,2004-2007,Exposure-source modeling among hospital patients,patient_exposure,model_based,exposure,outbreak_dynamic,Exposure to recorded contagious patients,"Among recorded sources, 59% of patient HA-ILI was attributable to exposure to contagious patients",59%,attributable_fraction,34-83 (CrI),NR,increase_risk,high,Bayesian transmission model,acquisition,Hospital outbreak exposure modeling,shared_with_other_pathogens,ILI rather than PCR-confirmed influenza,Contagious patients are a major transmission source,Model patient-to-patient exposure
payet_2016,Payet et al. 2016,26846882,10.1017/S0950268816000145,France,Edouard Herriot Hospital outbreaks,21417 patients at risk; 64 incident ILI cases during three outbreaks,Prospective observational study with Bayesian transmission modeling,Influenza + other respiratory viruses,Hospital-acquired exposure mode,HA-ILI during hospital outbreaks,Prospective surveillance plus Bayesian transmission model,2004-2007,Exposure-source modeling among hospital patients,hcw_exposure,model_based,staff_vector,outbreak_dynamic,Exposure to recorded contagious healthcare workers,"Among recorded sources, 41% of patient HA-ILI was attributable to exposure to contagious HCWs",41%,attributable_fraction,17-66 (CrI),NR,increase_risk,high,Bayesian transmission model,acquisition,Hospital outbreak exposure modeling,shared_with_other_pathogens,ILI rather than PCR-confirmed influenza,Contagious HCWs are a major transmission source,Model worker-vector exposure
payet_2016,Payet et al. 2016,26846882,10.1017/S0950268816000145,France,Edouard Herriot Hospital outbreaks,21417 patients at risk; 64 incident ILI cases during three outbreaks,Prospective observational study with Bayesian transmission modeling,Influenza + other respiratory viruses,Hospital-acquired exposure mode,HA-ILI during hospital outbreaks,Prospective surveillance plus Bayesian transmission model,2004-2007,Exposure-source modeling among hospital patients,short_lag_exposure,model_based,exposure,outbreak_dynamic,Exposure one day before case time,About 80% of HA-ILI was associated with exposure one day earlier,80%,attributable_fraction,59-96 (patients) / 46-99 (HCWs),NR,increase_risk,high,Bayesian transmission model,acquisition,Hospital outbreak exposure modeling,shared_with_other_pathogens,Model-based timing estimate,Secondary cases may appear the next day,Add short-lag transmission logic
payet_2016,Payet et al. 2016,26846882,10.1017/S0950268816000145,France,Edouard Herriot Hospital outbreaks,21417 patients at risk; 64 incident ILI cases during three outbreaks,Prospective observational study with Bayesian transmission modeling,Influenza + other respiratory viruses,Hospital-acquired exposure mode,HA-ILI during hospital outbreaks,Prospective surveillance plus Bayesian transmission model,2004-2007,Exposure-source modeling among hospital patients,hidden_transmission,model_based,staff_vector,outbreak_dynamic,Exposure during the unobservable contagious period,Exposure during the unobservable contagious period accounted for 49% of HA-ILI from source patients and 82% from source HCWs,49% / 82%,attributable_fraction,19-75 (patients) / 51-99 (HCWs),NR,increase_risk,high,Bayesian transmission model,acquisition,Hospital outbreak exposure modeling,shared_with_other_pathogens,Model-based estimate,Unobservable transmission is a major driver,Add hidden-transmission assumptions
mangas_moro_2023,Mangas-Moro et al. 2023,36064786,10.1016/j.eimce.2022.08.005,Spain,Third-level university hospital,1260 hospitalized patients with microbiologically confirmed influenza over 10 seasons; 110 nosocomial cases,Observational cross-sectional retrospective study,Influenza,Hospital-acquired / compared,Nosocomial influenza defined as symptom onset 72 h after admission,Microbiological confirmation,2009-2019,Nosocomial influenza vs community-acquired influenza,immunodeficiency,clinical_association,comorbidity,baseline,History of immunodeficiency,"In multivariable logistic regression, immunodeficiency was independently associated with nosocomial influenza",2.303,ORa,1.473-3.601,<0.001,increase_risk,high,Multivariable logistic regression,acquisition,Hospitalized influenza patients,influenza_only,Single-center retrospective design,Immunodeficiency increases risk,Add key vulnerability feature
mangas_moro_2023,Mangas-Moro et al. 2023,36064786,10.1016/j.eimce.2022.08.005,Spain,Third-level university hospital,1260 hospitalized patients with microbiologically confirmed influenza over 10 seasons; 110 nosocomial cases,Observational cross-sectional retrospective study,Influenza,Hospital-acquired / compared,Nosocomial influenza defined as symptom onset 72 h after admission,Microbiological confirmation,2009-2019,Nosocomial influenza vs community-acquired influenza,influenza_vaccination,protective_association,treatment,baseline,Influenza vaccination status,"Vaccination coverage was lower in nosocomial influenza than community-acquired influenza, bordering on significance",704,OR,0.469-1.056,54,decrease_risk,medium,Univariate / descriptive,acquisition,Hospitalized influenza patients,influenza_only,Borderline significance; not retained in final multivariable model,Vaccination may still be protective,Keep as supportive protective row
amour_2022,Amour et al. 2022,35382916,10.1017/ice.2022.68,France,2 French university hospitals,296 patients with ILI developing at least 72 h after admission and known vaccination status; 67 confirmed HAI cases,Case-case negative control study nested in a prospective cohort,Influenza,Hospital-acquired,ILI >=72 h after hospitalization and positive RT-PCR,RT-PCR swab testing,2004/05-2019/20 except 2012/13,HA influenza cases vs ILI controls with negative RT-PCR,influenza_vaccination,protective_association,treatment,baseline,Receipt of one dose of current-season influenza vaccine >14 days before ILI symptom onset,Influenza vaccination in hospitalized patients was independently associated with lower risk of hospital-acquired influenza,0.42,aOR,0.22-0.79,NR,decrease_risk,high,Multiple logistic regression,acquisition,Hospitalized patients developing ILI >=72 h after admission,influenza_only,Vaccination status self-reported,Hospitalized patient vaccination was protective,Add patient vaccination as a protective acquisition factor
amour_2022,Amour et al. 2022,35382916,10.1017/ice.2022.68,France,2 French university hospitals,296 patients with ILI developing at least 72 h after admission and known vaccination status; 67 confirmed HAI cases,Case-case negative control study nested in a prospective cohort,Influenza,Hospital-acquired,ILI >=72 h after hospitalization and positive RT-PCR,RT-PCR swab testing,2004/05-2019/20 except 2012/13,HA influenza cases vs ILI controls with negative RT-PCR,geriatric_ward_context,protective_association,exposure,early_hospitalization,Admission to a geriatric ward,Hospitalization in a geriatric ward was independently associated with lower risk of hospital-acquired influenza,0.16,aOR,0.06-0.41,NR,decrease_risk,high,Multiple logistic regression,acquisition,Hospitalized patients developing ILI >=72 h after admission,influenza_only,Protective association may reflect ward practices and higher vaccine coverage,Geriatric ward context was protective,Add ward-practice modifier
amour_2022,Amour et al. 2022,35382916,10.1017/ice.2022.68,France,2 French university hospitals,296 patients with ILI developing at least 72 h after admission and known vaccination status; 67 confirmed HAI cases,Case-case negative control study nested in a prospective cohort,Influenza,Hospital-acquired,ILI >=72 h after hospitalization and positive RT-PCR,RT-PCR swab testing,2004/05-2019/20 except 2012/13,HA influenza cases vs ILI controls with negative RT-PCR,vaccination_coverage_difference,descriptive_support,treatment,baseline,Vaccination coverage among cases vs controls,Vaccination coverage was higher among controls than among hospital-acquired influenza cases,65.5% vs 44.8%,descriptive_comparison,NR,2,decrease_risk,medium,Descriptive comparison,acquisition,Hospitalized patients developing ILI >=72 h after admission,influenza_only,"Descriptive support, not adjusted effect",Lower vaccination coverage among cases supports a protective role,Keep as supportive row
naudion_2020,Naudion et al. 2020,31825110,10.1002/jmv.25652,France,Tertiary care hospital,208 hospitalized patients with laboratory-confirmed influenza A; 49 nosocomial cases,Monocentric retrospective study,Influenza,Hospital-acquired / compared,Nosocomial influenza defined as symptom onset >48 h after admission with RT-PCR confirmation,RT-PCR,2016-2017,Nosocomial influenza vs community-acquired influenza,age,clinical_association,patient,baseline,Age in years,"In multivariable analysis, increasing age was associated with nosocomial influenza",01.03,OR,1.01-1.05,3,increase_risk,high,Conditional logistic regression,acquisition,Hospitalized influenza A,influenza_only,Single center,Older patients were more likely to have nosocomial influenza,Add age as acquisition susceptibility feature
naudion_2020,Naudion et al. 2020,31825110,10.1002/jmv.25652,France,Tertiary care hospital,208 hospitalized patients with laboratory-confirmed influenza A; 49 nosocomial cases,Monocentric retrospective study,Influenza,Hospital-acquired / compared,Nosocomial influenza defined as symptom onset >48 h after admission with RT-PCR confirmation,RT-PCR,2016-2017,Nosocomial influenza vs community-acquired influenza,rapidly_fatal_underlying_disease,clinical_association,comorbidity,baseline,McCabe score: rapidly fatal underlying disease,"In multivariable analysis, rapidly fatal underlying disease was associated with nosocomial influenza",9.2,OR,1.21-70.18,32,increase_risk,high,Conditional logistic regression,acquisition,Hospitalized influenza A,influenza_only,Wide confidence interval,Rapidly fatal underlying disease strongly increased likelihood of nosocomial influenza,Add severe underlying disease marker
naudion_2020,Naudion et al. 2020,31825110,10.1002/jmv.25652,France,Tertiary care hospital,208 hospitalized patients with laboratory-confirmed influenza A; 49 nosocomial cases,Monocentric retrospective study,Influenza,Hospital-acquired / compared,Nosocomial influenza defined as symptom onset >48 h after admission with RT-PCR confirmation,RT-PCR,2016-2017,Nosocomial influenza vs community-acquired influenza,hospital_exposure_duration,clinical_association,exposure,during_exposure_window,Longer hospitalization / exposure duration,"In multivariable analysis, length of stay was associated with nosocomial influenza",01.02,OR,1.01-1.04,1,increase_risk,medium,Conditional logistic regression,acquisition,Hospitalized influenza A,influenza_only,Exposure opportunity and consequence can both contribute,Prolonged hospitalization increases exposure opportunity,Add dynamic exposure feature
gettler_2023,Gettler et al. 2023,37073852,10.1017/ice.2023.64,USA,FluSurv-NET 8-county surveillance catchment,5904 laboratory-confirmed influenza-related hospitalizations,Retrospective cross-sectional surveillance study,Influenza,Healthcare-associated / expanded exposure definition,Traditional definition: positive influenza test after hospital day 3; expanded definition adds post-acute care transfer and recent acute-care discharge,Laboratory-confirmed influenza,2012/13-2018/19,Traditional definition vs expanded healthcare exposure definition,post_acute_transfer,descriptive_support,exposure,surveillance_classification,Positive influenza test in first 3 hospital days in a patient transferred directly from a post-acute care facility,Additional preadmission healthcare exposures identified 289 cases,4.9%,proportion,NR,NR,contextual,medium,Descriptive surveillance classification,acquisition classification,Population-based surveillance,influenza_only,Definition-based exposure category,Broader definitions capture additional healthcare-associated burden,Add post-acute-care transfer flag
gettler_2023,Gettler et al. 2023,37073852,10.1017/ice.2023.64,USA,FluSurv-NET 8-county surveillance catchment,5904 laboratory-confirmed influenza-related hospitalizations,Retrospective cross-sectional surveillance study,Influenza,Healthcare-associated / expanded exposure definition,Traditional definition: positive influenza test after hospital day 3; expanded definition adds post-acute care transfer and recent acute-care discharge,Laboratory-confirmed influenza,2012/13-2018/19,Traditional definition vs expanded healthcare exposure definition,recent_discharge_exposure,descriptive_support,exposure,surveillance_classification,Positive influenza test in first 3 hospital days in a patient recently discharged from acute care,Additional preadmission healthcare exposures identified 682 cases,11.6%,proportion,NR,NR,contextual,medium,Descriptive surveillance classification,acquisition classification,Population-based surveillance,influenza_only,Definition-based exposure category,Broader definitions capture additional healthcare-associated burden,Add recent discharge flag
gettler_2023,Gettler et al. 2023,37073852,10.1017/ice.2023.64,USA,FluSurv-NET 8-county surveillance catchment,5904 laboratory-confirmed influenza-related hospitalizations,Retrospective cross-sectional surveillance study,Influenza,Healthcare-associated / expanded exposure definition,Traditional definition: positive influenza test after hospital day 3; expanded definition adds post-acute care transfer and recent acute-care discharge,Laboratory-confirmed influenza,2012/13-2018/19,Traditional definition vs expanded healthcare exposure definition,traditional_hai_definition,descriptive_support,surveillance,surveillance_classification,Positive influenza test after hospital day 3,Traditionally defined healthcare-associated influenza accounted for 147 cases,2.5%,proportion,NR,NR,contextual,medium,Descriptive surveillance classification,acquisition classification,Population-based surveillance,influenza_only,Definition-based burden estimate only,Traditional hospital-day-only definitions underestimate burden,Keep as benchmark
gettler_2023,Gettler et al. 2023,37073852,10.1017/ice.2023.64,USA,FluSurv-NET 8-county surveillance catchment,5904 laboratory-confirmed influenza-related hospitalizations,Retrospective cross-sectional surveillance study,Influenza,Healthcare-associated / expanded exposure definition,Traditional definition: positive influenza test after hospital day 3; expanded definition adds post-acute care transfer and recent acute-care discharge,Laboratory-confirmed influenza,2012/13-2018/19,Traditional definition vs expanded healthcare exposure definition,expanded_hai_definition,descriptive_support,surveillance,surveillance_classification,Traditional definition plus additional preadmission healthcare exposures,Using the expanded definition increased the incidence rate over 8-fold,8.0,IRR,6.8-9.5,NR,contextual,high,Poisson regression / incidence rate ratio,acquisition classification,Population-based surveillance,influenza_only,"Definition-based, not individual-level biologic risk factor",Expanded healthcare-exposure logic captures more cases,Add expanded classification logic
rothman_2023,Rothman et al. 2023,37419188,10.1016/j.jhin.2023.06.024,Sweden,Hospitalized adults in Skåne County,4110 hospitalized adult patients with positive influenza PCR; 430 hospital-acquired cases,Prospective observational study,Influenza,Hospital-acquired,Medical records reviewed to confirm nosocomial origin,PCR with subtype determination,2013-2019,Hospital-acquired influenza by subtype,h3n2_associated_dissemination,descriptive_support,pathogen,outbreak_dynamic,Influenza A(H3N2) compared with other influenza subtypes,H3N2 infections were more often hospital-acquired than H1N1pdm09 and influenza B,15.1% vs 6.3% vs 6.8%,proportion_comparison,NR,<0.001,contextual,medium,Observational comparative analysis,transmission,Adult hospitalized influenza,influenza_only,Abstract-level data only,H3N2 was associated with increased hospital dissemination,Add subtype-sensitive transmission modifier
rothman_2023,Rothman et al. 2023,37419188,10.1016/j.jhin.2023.06.024,Sweden,Hospitalized adults in Skåne County,4110 hospitalized adult patients with positive influenza PCR; 430 hospital-acquired cases,Prospective observational study,Influenza,Hospital-acquired,Medical records reviewed to confirm nosocomial origin,PCR with subtype determination,2013-2019,Hospital-acquired influenza by subtype,clustered_dissemination,descriptive_support,pathogen,outbreak_dynamic,Clustered hospital-acquired cases caused by H3N2,The majority of hospital-acquired H3N2 cases were clustered and accounted for all outbreaks with four or more affected patients,73.3%,cluster_proportion,NR,NR,contextual,medium,Observational comparative analysis,transmission,Adult hospitalized influenza,influenza_only,Abstract-level clustering finding,H3N2 was the subtype most associated with clustering,Add subtype-aware outbreak alert logic
rothman_2023,Rothman et al. 2023,37419188,10.1016/j.jhin.2023.06.024,Sweden,Hospitalized adults in Skåne County,4110 hospitalized adult patients with positive influenza PCR; 430 hospital-acquired cases,Prospective observational study,Influenza,Hospital-acquired,Medical records reviewed to confirm nosocomial origin,PCR with subtype determination,2013-2019,Hospital-acquired influenza by subtype,solitary_case_pattern,descriptive_support,pathogen,outbreak_dynamic,Solitary hospital-acquired cases among H1N1pdm09 and influenza B,The majority of H1N1pdm09 and influenza B hospital-acquired cases were solitary,60% and 63.2%,cluster_proportion,NR,<0.001,contextual,medium,Observational comparative analysis,transmission,Adult hospitalized influenza,influenza_only,Abstract-level comparative finding,Non-H3 subtype HA influenza was less associated with dissemination,Use subtype to modulate expected clustering
xu_2021,Xu et al. 2021,34240696,10.2807/1560-7917.ES.2021.26.27.2000004,United Kingdom,Oxford University Hospitals NHS Foundation Trust,"180 respiratory samples, including 90 influenza-positive samples during the 2018/19 season",Diagnostic / genomic epidemiology study,Influenza,Hospital-acquired transmission context,Putative and confirmed nosocomial transmission investigated from hospital respiratory samples,"Xpert Xpress Flu/RSV assay, BioFire RP2, Nanopore metagenomic sequencing",2018-2019,Putative ward cluster vs sequencing-defined clusters,wgs_confirmed_nosocomial_cluster,descriptive_support,diagnostic,outbreak_dynamic,Whole-genome sequencing evidence of likely nosocomial transmission,Phylogeny refuted one suspected cluster but identified two others likely reflecting nosocomial transmission,2,transmission_confirmation,NR,NR,contextual,medium,Genomic epidemiology,transmission,Hospital influenza sequencing cohort,influenza_only,Not a classic patient predictor paper,Sequencing can manage nosocomial outbreaks,Add sequencing-confirmed linkage signal
xu_2021,Xu et al. 2021,34240696,10.2807/1560-7917.ES.2021.26.27.2000004,United Kingdom,Oxford University Hospitals NHS Foundation Trust,"180 respiratory samples, including 90 influenza-positive samples during the 2018/19 season",Diagnostic / genomic epidemiology study,Influenza,Hospital-acquired transmission context,Putative and confirmed nosocomial transmission investigated from hospital respiratory samples,"Xpert Xpress Flu/RSV assay, BioFire RP2, Nanopore metagenomic sequencing",2018-2019,H3N2 and H1N1 genomic analysis,h3n2_associated_dissemination,descriptive_support,pathogen,outbreak_dynamic,H3N2 genomes linked in likely nosocomial clusters,The likely nosocomial transmission clusters identified were H3N2-based,H3N2,cluster_characteristic,NR,NR,contextual,medium,Genomic epidemiology,transmission,Hospital influenza sequencing cohort,influenza_only,Inference from cluster descriptions,H3N2 genomic clustering supported transmission investigation,Add subtype-aware sequencing escalation
xu_2021,Xu et al. 2021,34240696,10.2807/1560-7917.ES.2021.26.27.2000004,United Kingdom,Oxford University Hospitals NHS Foundation Trust,90 influenza-positive respiratory samples,Diagnostic / genomic epidemiology study,Influenza,Hospital-acquired transmission context,Putative and confirmed nosocomial transmission investigated from hospital respiratory samples,Xpert Xpress Flu/RSV assay and Nanopore metagenomic sequencing,2018-2019,Metagenomic sequencing vs standard testing,metagenomic_detection_performance,diagnostic_performance,diagnostic,surveillance_classification,Nanopore metagenomic sequencing performance for influenza A detection,Nanopore metagenomic sequencing was 83% sensitive and 93% specific for influenza A,83% / 93%,sensitivity_specificity,NR,NR,contextual,medium,Diagnostic performance,transmission investigation,Hospital influenza sequencing cohort,influenza_only,Diagnostic-performance row,Sequencing supports outbreak clarification,Route also to rapid_testing_and_surveillance
alvarez_lerma_2017,Álvarez-Lerma et al. 2017,28153560,10.1016/j.jhin.2016.12.017,Spain,148 ICUs throughout Spain,2421 ICU patients with influenza A(H1N1)pdm09; 224 hospital-acquired and 1103 community-acquired classified cases,Multicentre cohort analysis of prospective registry,Influenza,Hospital-acquired / compared,Hospital-acquired when diagnosis and treatment started from day 7 of hospital stay with no suspicion on admission; community-acquired within first 48 h,Real-time PCR,2009-2015,Hospital-acquired vs community-acquired ICU influenza A(H1N1)pdm09,age,clinical_association,patient,baseline,Older age among ICU patients with hospital-acquired influenza A(H1N1)pdm09,"In Cox regression, age was independently associated with hospital-acquired influenza A(H1N1)pdm09 infection",01.03,OR,1.02-1.04,1,increase_risk,high,Cox regression,acquisition,ICU patients with influenza A(H1N1)pdm09,influenza_only,ICU-only cohort,Hospital-acquired ICU influenza occurred in older patients,Add age as higher-risk feature in severe inpatient settings
alvarez_lerma_2017,Álvarez-Lerma et al. 2017,28153560,10.1016/j.jhin.2016.12.017,Spain,148 ICUs throughout Spain,2421 ICU patients with influenza A(H1N1)pdm09; 224 hospital-acquired classified cases,Multicentre cohort analysis of prospective registry,Influenza,Hospital-acquired / compared,Hospital-acquired when diagnosis and treatment started from day 7 of hospital stay with no suspicion on admission; community-acquired within first 48 h,Real-time PCR,2009-2015,Hospital-acquired vs community-acquired ICU influenza A(H1N1)pdm09,hospital_acquired_case_fraction,descriptive_support,surveillance,surveillance_classification,Proportion of ICU influenza A(H1N1)pdm09 classified as hospital-acquired,"Of 2421 ICU patients with influenza A(H1N1)pdm09, 224 were classified as hospital-acquired",9.3%,proportion,NR,NR,contextual,medium,Descriptive epidemiology,acquisition burden,ICU influenza A(H1N1)pdm09,influenza_only,Descriptive row only,Hospital-acquired influenza accounted for a substantial minority of severe ICU cases,Use as contextual ICU burden estimate
saadatian_elahi_2023,Saadatian-Elahi et al. 2023,37321894,10.1016/j.vaccine.2023.05.060,France,"Edouard Herriot University Hospital, Lyon",296 hospitalized patients with ILI >=72 h after admission and known vaccination status; 67 confirmed HAI cases,Incident test-negative case-control study nested in prospective surveillance,Influenza,Hospital-acquired,ILI symptoms >=72 h after hospitalization and positive RT-PCR,RT-PCR,2004/05-2019/20 except 2012/13,HAI cases vs ILI controls with negative RT-PCR,influenza_vaccination,protective_association,treatment,baseline,Receipt of one dose of current-season influenza vaccine >14 days before ILI symptom onset,Influenza vaccination was independently associated with lower risk of hospital-acquired influenza,0.42,aOR,0.23-0.78,NR,decrease_risk,high,Adjusted logistic regression,acquisition,Hospitalized patients developing ILI >=72 h after admission,influenza_only,Vaccination status partly self-reported,Patient vaccination was protective,Add patient vaccination as a strong protective acquisition factor
saadatian_elahi_2023,Saadatian-Elahi et al. 2023,37321894,10.1016/j.vaccine.2023.05.060,France,"Edouard Herriot University Hospital, Lyon",296 hospitalized patients with ILI >=72 h after admission and known vaccination status; 67 confirmed HAI cases,Incident test-negative case-control study nested in prospective surveillance,Influenza,Hospital-acquired,ILI symptoms >=72 h after hospitalization and positive RT-PCR,RT-PCR,2004/05-2019/20 except 2012/13,HAI cases vs ILI controls with negative RT-PCR,geriatric_ward_context,protective_association,exposure,early_hospitalization,Admission to a geriatric ward,Hospitalization in a geriatric ward was independently associated with lower risk of hospital-acquired influenza,0.18,aOR,0.07-0.42,NR,decrease_risk,high,Adjusted logistic regression,acquisition,Hospitalized patients developing ILI >=72 h after admission,influenza_only,Protective association may reflect ward practices and high vaccine coverage,Geriatric-ward admission was associated with lower HAI risk,Add geriatric-ward context as a protective ward-practice modifier
frenzel_2016,Frenzel et al. 2016,27158088,10.1016/j.ajic.2016.03.024,USA,Cancer center / immunocompromised oncology setting,Immunocompromised cancer patients and health care workers over 8 influenza seasons,Ecological observational study,Influenza,Hospital-acquired,Nosocomial influenza infections in cancer patients under institutional surveillance,Institutional influenza surveillance,2006/07-2013/14,Annual institutional vaccination rates vs nosocomial influenza proportion,hcw_vaccination_rate,protective_association,operational,outbreak_dynamic,Influenza vaccination rate among health care workers,Increased HCW vaccination rates were associated with a reduction in the proportion of nosocomial influenza infections in immunocompromised cancer patients,56% to 94%,coverage_increase,NR,45,decrease_risk,medium,Ecological institutional analysis,transmission prevention,Immunocompromised cancer patients,influenza_only,Institution-level association; not patient-level causal estimate,Higher HCW vaccination coverage was associated with reduced nosocomial influenza burden,Add HCW vaccination coverage as a ward/hospital transmission-protection input
frenzel_2016,Frenzel et al. 2016,27158088,10.1016/j.ajic.2016.03.024,USA,Cancer center / immunocompromised oncology setting,Immunocompromised cancer patients and health care workers over 8 influenza seasons,Ecological observational study,Influenza,Hospital-acquired,Nosocomial influenza infections in cancer patients under institutional surveillance,Institutional influenza surveillance,2006/07-2013/14,Annual institutional vaccination rates vs nosocomial influenza proportion,nursing_staff_vaccination_rate,protective_association,operational,outbreak_dynamic,Influenza vaccination coverage among nursing staff,Reduction in nosocomial influenza proportion was significantly associated with increased vaccination rates in nursing staff,NR,association,NR,43,decrease_risk,medium,Ecological institutional analysis,transmission prevention,Immunocompromised cancer patients,influenza_only,"Association reported at staff-group level, not individual patient level",Nursing-staff vaccination appears especially important for reducing nosocomial influenza,Add nursing vaccination coverage as a high-priority transmission-protection metric
frenzel_2016,Frenzel et al. 2016,27158088,10.1016/j.ajic.2016.03.024,USA,Cancer center / immunocompromised oncology setting,Immunocompromised cancer patients and health care workers over 8 influenza seasons,Ecological observational study,Influenza,Hospital-acquired,Nosocomial influenza infections in cancer patients under institutional surveillance,Institutional influenza surveillance,2006/07-2013/14,Annual institutional vaccination rates vs nosocomial influenza proportion,high_risk_area_staff_vaccination_rate,protective_association,operational,outbreak_dynamic,Influenza vaccination coverage among personnel working in high-risk areas,Reduction in nosocomial influenza proportion was significantly associated with increased vaccination rates in personnel working in high-risk areas,NR,association,NR,497,decrease_risk,medium,Ecological institutional analysis,transmission prevention,Immunocompromised cancer patients,influenza_only,"Association reported at staff-group level, not individual patient level",Staff vaccination in high-risk areas may be especially relevant for preventing nosocomial transmission,Add high-risk-area staff vaccination coverage to IPC monitoring
frenzel_2016,Frenzel et al. 2016,27158088,10.1016/j.ajic.2016.03.024,USA,Cancer center / immunocompromised oncology setting,Immunocompromised cancer patients and health care workers over 8 influenza seasons,Ecological observational study,Influenza,Hospital-acquired,Nosocomial influenza infections in cancer patients under institutional surveillance,Institutional influenza surveillance,2006/07-2013/14,Institutional policy phases vs HCW vaccination coverage,vaccinate_or_mask_policy,policy_support,operational,outbreak_dynamic,Institutional policy requiring influenza vaccination or surgical mask use with each patient contact,Addition of vaccinate-or-mask policy further increased HCW vaccination rates by 10%-18% in one year,10%-18%,policy_associated_coverage_increase,NR,<0.0001,contextual,medium,Program evaluation,transmission prevention,Immunocompromised cancer patients,influenza_only,Policy-level process measure rather than direct patient-level effect,Institutional vaccination policies can strengthen transmission prevention,Add vaccinate-or-mask policy as an IPC/governance lever
sansone_2020,Sansone et al. 2020,32011654,10.1093/cid/ciaa108,Sweden,"Large acute-care university hospital, Gothenburg",435 hospitalized adult influenza A cases; 114 HCAI cases,Retrospective hospital-wide season analysis with WGS,Influenza A,Hospital-acquired transmission context,ILI or ARI symptom onset >=48 h after admission or <=48 h after discharge,Real-time PCR + whole-genome sequencing,2016/17 influenza season,HCAI vs non-HCAI and ward cluster analysis,wgs_confirmed_inward_cluster,descriptive_support,diagnostic,outbreak_dynamic,Whole-genome-sequencing-supported in-ward transmission clusters,"The study identified 8 closely related clusters involving 3 or more cases, supporting in-ward transmission",8,cluster_count,NR,NR,contextual,medium,WGS-supported transmission analysis,transmission,Large acute-care hospital,influenza_only,Single season; only sequenced selected epidemiologically related cases,In-ward transmission of influenza A occurred frequently and could be resolved by WGS,Add WGS-confirmed cluster detection as a high-confidence outbreak signal
sansone_2020,Sansone et al. 2020,32011654,10.1093/cid/ciaa108,Sweden,"Large acute-care university hospital, Gothenburg",435 hospitalized adult influenza A cases; 114 HCAI cases,Retrospective hospital-wide season analysis with WGS,Influenza A,Hospital-acquired transmission context,ILI or ARI symptom onset >=48 h after admission or <=48 h after discharge,Real-time PCR + whole-genome sequencing,2016/17 influenza season,HCAI vs non-HCAI and ward cluster analysis,wgs_confirmed_inward_pair,descriptive_support,diagnostic,outbreak_dynamic,Whole-genome-sequencing-supported in-ward transmission pairs,The study identified 10 additional closely related strain pairs supporting in-ward transmission,10,pair_count,NR,NR,contextual,medium,WGS-supported transmission analysis,transmission,Large acute-care hospital,influenza_only,Single season; selected samples only,WGS identified multiple smaller likely transmission events beyond larger clusters,Add WGS-confirmed pair detection as supporting outbreak signal
sansone_2020,Sansone et al. 2020,32011654,10.1093/cid/ciaa108,Sweden,"Large acute-care university hospital, Gothenburg",435 hospitalized adult influenza A cases; 114 HCAI cases,Retrospective hospital-wide season analysis with WGS,Influenza A,Hospital-acquired transmission context,ILI or ARI symptom onset >=48 h after admission or <=48 h after discharge,Real-time PCR + whole-genome sequencing,2016/17 influenza season,HCAI burden within hospitalized influenza A cases,hcai_fraction_in_hospitalized_influenza,descriptive_support,surveillance,surveillance_classification,Proportion of hospitalized influenza A cases classified as healthcare-associated,"Of 435 hospitalized influenza A cases, 114 met HCAI criteria",26%,proportion,NR,NR,contextual,medium,Descriptive epidemiology,acquisition burden,Large acute-care hospital,influenza_only,Depends on HCAI definition and case ascertainment,HCAI represented a substantial share of hospitalized influenza A burden,Use as contextual burden estimate for hospital influenza safety monitoring
cho_2024,Cho et al. 2024,NR,10.1186/s12879-024-09358-1,South Korea,"Tertiary teaching hospital, Seoul","73,859 adults included after exclusions; 111 HAI cases",Retrospective observational ML study,Influenza,Hospital-acquired,Positive influenza A or B PCR >4 days after admission,PCR,2011-2012 and 2019-2020 influenza seasons,HAI vs non-HAI,room_sharing,model_feature,structural,during_exposure_window,Double-room occupancy,Double room occupancy was the most influential predictor in the RF model,NR,model_feature,NR,NR,increase_risk,high,Random forest feature importance,acquisition,Adult inpatients staying >4 days,influenza_only,Single-center ML study; no per-feature OR,Room sharing was the strongest practical predictor of HAI,Prioritize room type as a core risk input
cho_2024,Cho et al. 2024,NR,10.1186/s12879-024-09358-1,South Korea,"Tertiary teaching hospital, Seoul","73,859 adults included after exclusions; 111 HAI cases",Retrospective observational ML study,Influenza,Hospital-acquired,Positive influenza A or B PCR >4 days after admission,PCR,2011-2012 and 2019-2020 influenza seasons,HAI vs non-HAI,patient_exposure_same_room,clinical_association,exposure,during_exposure_window,Same-room exposure to an influenza patient,Same-room exposure was more frequent in HAI patients,14.4% vs 2.1%,group_difference,NR,<0.001,increase_risk,high,Univariate comparison,acquisition,Adult inpatients staying >4 days,influenza_only,Observational comparison only,Same-room exposure is a strong operational transmission signal,Use same-room exposure as a direct contact-risk feature
cho_2024,Cho et al. 2024,NR,10.1186/s12879-024-09358-1,South Korea,"Tertiary teaching hospital, Seoul","73,859 adults included after exclusions; 111 HAI cases",Retrospective observational ML study,Influenza,Hospital-acquired,Positive influenza A or B PCR >4 days after admission,PCR,2011-2012 and 2019-2020 influenza seasons,HAI vs non-HAI,patient_exposure_same_unit,clinical_association,exposure,during_exposure_window,Same-unit exposure to an influenza patient,Same-unit exposure was more frequent in HAI patients,45.9% vs 12.3%,group_difference,NR,<0.001,increase_risk,high,Univariate comparison,acquisition,Adult inpatients staying >4 days,influenza_only,Observational comparison only,Same-unit exposure is a strong ward-level transmission signal,Use same-unit exposure as a ward-risk feature
cho_2024,Cho et al. 2024,NR,10.1186/s12879-024-09358-1,South Korea,"Tertiary teaching hospital, Seoul","73,859 adults included after exclusions; 111 HAI cases",Retrospective observational ML study,Influenza,Hospital-acquired,Positive influenza A or B PCR >4 days after admission,PCR,2011-2012 and 2019-2020 influenza seasons,HAI vs non-HAI,hospital_exposure_duration,clinical_association,exposure,during_exposure_window,Longer hospitalization before/around HAI detection,HAI patients had longer total length of stay,27.0 vs 12.5,days_mean,NR,<0.001,increase_risk,high,Univariate comparison,acquisition,Adult inpatients staying >4 days,influenza_only,Time-dependent and partly consequence-sensitive,Longer hospitalization increased exposure opportunity,Use duration in hospital as a dynamic exposure feature
cho_2024,Cho et al. 2024,NR,10.1186/s12879-024-09358-1,South Korea,"Tertiary teaching hospital, Seoul","73,859 adults included after exclusions; 111 HAI cases",Retrospective observational ML study,Influenza,Hospital-acquired,Positive influenza A or B PCR >4 days after admission,PCR,2011-2012 and 2019-2020 influenza seasons,HAI vs non-HAI,age,clinical_association,patient,baseline,Older age,HAI patients were older,68.8 vs 58.7,years_mean,NR,<0.001,increase_risk,high,Univariate comparison,acquisition,Adult inpatients staying >4 days,influenza_only,Univariate in this paper,Older patients had greater HAI burden,Use age as a baseline vulnerability feature
cho_2024,Cho et al. 2024,NR,10.1186/s12879-024-09358-1,South Korea,"Tertiary teaching hospital, Seoul","73,859 adults included after exclusions; 111 HAI cases",Retrospective observational ML study,Influenza,Hospital-acquired,Positive influenza A or B PCR >4 days after admission,PCR,2011-2012 and 2019-2020 influenza seasons,HAI vs non-HAI,immunosuppression,clinical_association,comorbidity,baseline,Immunosuppressed status,Immunosuppression was more common in HAI patients,43.2% vs 26.4%,group_difference,NR,<0.001,increase_risk,high,Univariate comparison,acquisition,Adult inpatients staying >4 days,influenza_only,Univariate in this paper,Immunosuppression increased HAI susceptibility,Add immunosuppression as a core vulnerability feature
cho_2024,Cho et al. 2024,NR,10.1186/s12879-024-09358-1,South Korea,"Tertiary teaching hospital, Seoul","73,859 adults included after exclusions; 111 HAI cases",Retrospective observational ML study,Influenza,Hospital-acquired,Positive influenza A or B PCR >4 days after admission,PCR,2011-2012 and 2019-2020 influenza seasons,HAI vs non-HAI,glucocorticoid_exposure,clinical_association,treatment,baseline,Corticosteroid use,Corticosteroid use was more common in HAI patients,56.8% vs 33.9%,group_difference,NR,<0.001,increase_risk,high,Univariate comparison,acquisition,Adult inpatients staying >4 days,influenza_only,Univariate in this paper,Corticosteroid exposure marked higher HAI risk,Add steroid exposure as a vulnerability feature
cho_2024,Cho et al. 2024,NR,10.1186/s12879-024-09358-1,South Korea,"Tertiary teaching hospital, Seoul","73,859 adults included after exclusions; 111 HAI cases",Retrospective observational ML study,Influenza,Hospital-acquired,Positive influenza A or B PCR >4 days after admission,PCR,2011-2012 and 2019-2020 influenza seasons,HAI vs non-HAI,diabetes,clinical_association,comorbidity,baseline,Diabetes,Diabetes was more common in HAI patients,16.2% vs 6.3%,group_difference,NR,<0.001,increase_risk,high,Univariate comparison,acquisition,Adult inpatients staying >4 days,influenza_only,Univariate in this paper,Diabetes increased HAI susceptibility,Add diabetes as a comorbidity risk feature
cho_2024,Cho et al. 2024,NR,10.1186/s12879-024-09358-1,South Korea,"Tertiary teaching hospital, Seoul","73,859 adults included after exclusions; 111 HAI cases",Retrospective observational ML study,Influenza,Hospital-acquired,Positive influenza A or B PCR >4 days after admission,PCR,2011-2012 and 2019-2020 influenza seasons,HAI vs non-HAI,heart_disease,clinical_association,comorbidity,baseline,Heart disease,Heart disease was more common in HAI patients,27.9% vs 11.1%,group_difference,NR,<0.001,increase_risk,high,Univariate comparison,acquisition,Adult inpatients staying >4 days,influenza_only,Univariate in this paper,Heart disease increased HAI susceptibility,Add heart disease as a comorbidity risk feature
cho_2024,Cho et al. 2024,NR,10.1186/s12879-024-09358-1,South Korea,"Tertiary teaching hospital, Seoul","73,859 adults included after exclusions; 111 HAI cases",Retrospective observational ML study,Influenza,Hospital-acquired,Positive influenza A or B PCR >4 days after admission,PCR,2011-2012 and 2019-2020 influenza seasons,HAI vs non-HAI,renal_disease,clinical_association,comorbidity,baseline,Renal disease,Renal disease was more common in HAI patients,27.0% vs 12.3%,group_difference,NR,<0.001,increase_risk,high,Univariate comparison,acquisition,Adult inpatients staying >4 days,influenza_only,Univariate in this paper,Renal disease increased HAI susceptibility,Add renal disease as a core comorbidity feature
cho_2024,Cho et al. 2024,NR,10.1186/s12879-024-09358-1,South Korea,"Tertiary teaching hospital, Seoul","73,859 adults included after exclusions; 111 HAI cases",Retrospective observational ML study,Influenza,Hospital-acquired,Positive influenza A or B PCR >4 days after admission,PCR,2011-2012 and 2019-2020 influenza seasons,HAI vs non-HAI,hematologic_disease,clinical_association,comorbidity,baseline,Hematologic disease,Hematologic disease was more common in HAI patients,11.7% vs 6.4%,group_difference,NR,37,increase_risk,medium,Univariate comparison,acquisition,Adult inpatients staying >4 days,influenza_only,Smaller signal than other comorbidities,Hematologic disease may increase HAI risk,Keep as supportive risk feature
cho_2024,Cho et al. 2024,NR,10.1186/s12879-024-09358-1,South Korea,"Tertiary teaching hospital, Seoul","73,859 adults included after exclusions; 111 HAI cases",Retrospective observational ML study,Influenza,Hospital-acquired,Positive influenza A or B PCR >4 days after admission,PCR,2011-2012 and 2019-2020 influenza seasons,HAI vs non-HAI,asthma,clinical_association,comorbidity,baseline,Asthma,Asthma was more common in HAI patients,9.9% vs 1.2%,group_difference,NR,<0.001,increase_risk,high,Univariate comparison,acquisition,Adult inpatients staying >4 days,influenza_only,Univariate in this paper,Asthma may increase HAI susceptibility,Keep as supportive respiratory-risk feature
cho_2024,Cho et al. 2024,NR,10.1186/s12879-024-09358-1,South Korea,"Tertiary teaching hospital, Seoul","73,859 adults included after exclusions; 111 HAI cases",Retrospective observational ML study,Influenza,Hospital-acquired,Positive influenza A or B PCR >4 days after admission,PCR,2011-2012 and 2019-2020 influenza seasons,HAI vs non-HAI,copd,clinical_association,comorbidity,baseline,COPD,COPD was more common in HAI patients,12.6% vs 1.5%,group_difference,NR,<0.001,increase_risk,high,Univariate comparison,acquisition,Adult inpatients staying >4 days,influenza_only,Univariate in this paper,COPD may increase HAI susceptibility,Keep as supportive respiratory-risk feature
cho_2024,Cho et al. 2024,NR,10.1186/s12879-024-09358-1,South Korea,"Tertiary teaching hospital, Seoul","73,859 adults included after exclusions; 111 HAI cases",Retrospective observational ML study,Influenza,Hospital-acquired,Positive influenza A or B PCR >4 days after admission,PCR,2011-2012 and 2019-2020 influenza seasons,HAI vs non-HAI,lymphopenia,clinical_association,lab,early_hospitalization,Low lymphocyte count,Lymphocyte count was lower in HAI patients,0.9 vs 1.3,mean,NR,<0.001,increase_risk,high,Univariate comparison,acquisition,Adult inpatients staying >4 days,influenza_only,Consistent with other studies,Low lymphocyte count marked increased HAI susceptibility,Add lymphopenia as a core lab feature
cho_2024,Cho et al. 2024,NR,10.1186/s12879-024-09358-1,South Korea,"Tertiary teaching hospital, Seoul","73,859 adults included after exclusions; 111 HAI cases",Retrospective observational ML study,Influenza,Hospital-acquired,Positive influenza A or B PCR >4 days after admission,PCR,2011-2012 and 2019-2020 influenza seasons,HAI vs non-HAI,hypoalbuminemia,clinical_association,lab,early_hospitalization,Low albumin,Albumin was lower in HAI patients,3.0 vs 3.4,mean,NR,<0.001,increase_risk,high,Univariate comparison,acquisition,Adult inpatients staying >4 days,influenza_only,Consistent with other studies,Low albumin marked increased HAI susceptibility,Add hypoalbuminemia as a core lab feature
cho_2024,Cho et al. 2024,NR,10.1186/s12879-024-09358-1,South Korea,"Tertiary teaching hospital, Seoul","73,859 adults included after exclusions; 111 HAI cases",Retrospective observational ML study,Influenza,Hospital-acquired,Positive influenza A or B PCR >4 days after admission,PCR,2011-2012 and 2019-2020 influenza seasons,HAI vs non-HAI,abnormal_chest_xray,clinical_association,radiology,early_hospitalization,Abnormal chest X-ray,Abnormal chest X-ray was much more frequent in HAI patients,91.0% vs 56.9%,group_difference,NR,<0.001,increase_risk,high,Univariate comparison,acquisition,Adult inpatients staying >4 days,influenza_only,Very strong difference,Abnormal chest X-ray is an important early contextual signal,Add abnormal chest X-ray as a core radiology feature
parkash_2019,Parkash et al. 2019,30991976,10.1186/s12890-019-0842-6,Australia,"Tertiary referral hospital, Canberra",292 hospitalized influenza patients; 28 hospital-acquired cases,Surveillance-based observational study,Influenza,Hospital-acquired / compared,"Symptom onset ≥48 h after admission unrelated to respiratory illness, or diagnosis ≥7 days if onset unknown",PCR,Apr-Oct 2017,Hospital-acquired vs community-acquired influenza,diabetes,clinical_association,comorbidity,baseline,Diabetes,Hospital-acquired influenza patients were more likely to have diabetes,NR,association,NR,15,increase_risk,medium,Univariate comparison,acquisition,Hospitalized adult influenza patients,influenza_only,Single-center season-specific study,Diabetes was enriched in hospital-acquired influenza,Add diabetes as a supportive comorbidity feature
parkash_2019,Parkash et al. 2019,30991976,10.1186/s12890-019-0842-6,Australia,"Tertiary referral hospital, Canberra",292 hospitalized influenza patients; 28 hospital-acquired cases,Surveillance-based observational study,Influenza,Hospital-acquired / compared,"Symptom onset ≥48 h after admission unrelated to respiratory illness, or diagnosis ≥7 days if onset unknown",PCR,Apr-Oct 2017,Hospital-acquired vs community-acquired influenza,malignancy,clinical_association,comorbidity,baseline,Malignancy,Hospital-acquired influenza patients were more likely to have malignancy,NR,association,NR,46,increase_risk,medium,Univariate comparison,acquisition,Hospitalized adult influenza patients,influenza_only,Single-center season-specific study,Malignancy was enriched in hospital-acquired influenza,Add malignancy as a supportive comorbidity feature
parkash_2019,Parkash et al. 2019,30991976,10.1186/s12890-019-0842-6,Australia,"Tertiary referral hospital, Canberra",292 hospitalized influenza patients; 28 hospital-acquired cases,Surveillance-based observational study,Influenza,Hospital-acquired / compared,"Symptom onset ≥48 h after admission unrelated to respiratory illness, or diagnosis ≥7 days if onset unknown",PCR,Apr-Oct 2017,Hospital-acquired vs community-acquired influenza,chronic_liver_disease,clinical_association,comorbidity,baseline,Chronic liver disease,Hospital-acquired influenza patients were more likely to have chronic liver disease,NR,association,NR,43,increase_risk,medium,Univariate comparison,acquisition,Hospitalized adult influenza patients,influenza_only,Single-center season-specific study,Chronic liver disease was enriched in hospital-acquired influenza,Add chronic liver disease as a supportive comorbidity feature
parkash_2019,Parkash et al. 2019,30991976,10.1186/s12890-019-0842-6,Australia,"Tertiary referral hospital, Canberra",292 hospitalized influenza patients; 28 hospital-acquired cases,Surveillance-based observational study,Influenza,Hospital-acquired / compared,"Symptom onset ≥48 h after admission unrelated to respiratory illness, or diagnosis ≥7 days if onset unknown",PCR,Apr-Oct 2017,Hospital-acquired vs community-acquired influenza,room_sharing_during_incubation,descriptive,structural,during_exposure_window,Shared-room placement during incubation period,"Of hospital-acquired influenza patients, 22 were in shared rooms during incubation",22/28,count,NR,NR,increase_risk,high,Descriptive surveillance,acquisition,Hospitalized adult influenza patients,influenza_only,Descriptive rather than adjusted effect,Shared-room placement likely facilitated acquisition,Use shared-room incubation exposure as an operational transmission flag
parkash_2019,Parkash et al. 2019,30991976,10.1186/s12890-019-0842-6,Australia,"Tertiary referral hospital, Canberra",292 hospitalized influenza patients; 28 hospital-acquired cases,Surveillance-based observational study,Influenza,Hospital-acquired / compared,"Symptom onset ≥48 h after admission unrelated to respiratory illness, or diagnosis ≥7 days if onset unknown",PCR,Apr-Oct 2017,Hospital-acquired vs community-acquired influenza,patient_bed_moves,descriptive,operational,post_detection,Number of patient transfers after diagnosis,Patients were moved an average of 5 times after diagnosis,5,bed_moves_mean,NR,NR,increase_risk,medium,Descriptive surveillance,acquisition / spread,Hospitalized adult influenza patients,influenza_only,Post-diagnosis process variable,Bed movement after diagnosis likely facilitated spread,Use frequent bed moves as an outbreak propagation flag
salachas_2025,Salachas et al. 2025,40217353,10.1186/s13756-025-01543-4,France,"900-bed university hospital, Paris","83,443 unique hospital visits analyzed from 2014-2023",Ward-year retrospective cohort with mixed-effects model,Influenza + other respiratory viruses,Hospital-acquired viral respiratory infection,Positive PCR for at least one respiratory virus performed ≥5 days after admission,PCR,2014-2023,Ward-year incidence model,community_viral_pressure,mixed_effects,exposure,ward_level,Incidence of community-acquired viral respiratory infection in a ward,Higher ward CA-VRI incidence was associated with higher HA-VRI incidence,0.10 per 1000 hospital-days per incidence point,incidence_increment,NR,<0.001,increase_risk,high,Linear mixed-effects model,acquisition,Ward-level hospital surveillance,shared_with_other_pathogens,"Ward-level model, not patient-level",Ward community viral burden drives hospital-acquired incidence,Use ward community pressure as a dynamic ward-risk input
salachas_2025,Salachas et al. 2025,40217353,10.1186/s13756-025-01543-4,France,"900-bed university hospital, Paris","83,443 unique hospital visits analyzed from 2014-2023",Ward-year retrospective cohort with mixed-effects model,Influenza + other respiratory viruses,Hospital-acquired viral respiratory infection,Positive PCR for at least one respiratory virus performed ≥5 days after admission,PCR,2014-2023,Ward-year incidence model,room_sharing,mixed_effects,structural,ward_level_static,Proportion of double-occupancy rooms in a ward,Higher proportion of double-occupancy rooms was associated with higher HA-VRI incidence,0.04 per 1000 hospital-days per +10% double rooms,incidence_increment,NR,0.03,increase_risk,high,Linear mixed-effects model,acquisition,Ward-level hospital surveillance,shared_with_other_pathogens,"Ward-level model, not patient-level",Double-occupancy structure increases hospital-acquired respiratory virus incidence,Use proportion of double rooms as a structural transmission multiplier
salachas_2025,Salachas et al. 2025,40217353,10.1186/s13756-025-01543-4,France,"900-bed university hospital, Paris","83,443 unique hospital visits analyzed from 2014-2023",Ward-year retrospective cohort with mixed-effects model,Influenza + other respiratory viruses,Hospital-acquired viral respiratory infection,Positive PCR for at least one respiratory virus performed ≥5 days after admission,PCR,2014-2023,Influenza subgroup model,room_sharing_influenza_subgroup,subgroup_mixed_effects,structural,ward_level_static,Proportion of double-occupancy rooms in influenza subgroup,"In the influenza subgroup, double-occupancy rooms remained associated with hospital-acquired influenza",0.01 per 1000 hospital-days per +10% double rooms,incidence_increment,NR,12,increase_risk,medium,Subgroup mixed-effects model,acquisition,Ward-level influenza subgroup,shared_with_other_pathogens,"Subgroup result, not patient-level",Double-room structure also matters specifically for influenza,Keep influenza-specific structural signal
salachas_2025,Salachas et al. 2025,40217353,10.1186/s13756-025-01543-4,France,"900-bed university hospital, Paris","83,443 unique hospital visits analyzed from 2014-2023",Ward-year retrospective cohort with mixed-effects model,Influenza + other respiratory viruses,Hospital-acquired viral respiratory infection,Positive PCR for at least one respiratory virus performed ≥5 days after admission,PCR,2014-2023,Ward-year incidence model,mask_use_intensity,mixed_effects,operational,outbreak_dynamic,Masks consumed per hospital-day,"Higher mask consumption was associated with higher HA-VRI incidence, likely as a reactive intensity marker",0.33 per 1000 hospital-days per +10 masks/day,incidence_increment,NR,0.04,contextual,low,Linear mixed-effects model,acquisition context,Ward-level hospital surveillance,shared_with_other_pathogens,Probably reactive rather than causal,Mask use tracked outbreak intensity rather than causing risk,"Use as surveillance intensity signal, not harmful predictor"
gustin_2023,Gustin et al. 2023,37386032,10.1038/s41598-023-36908-5,France,"Short-stay geriatric unit, university hospital","82 participants: 35 patients, 32 nurses/paramedical staff, 15 doctors",Contact-network stochastic SEIR modeling,Influenza H3N2,Nosocomial transmission context,Confirmed influenza in geriatric short-stay unit,PCR + RFID contact data,10-day study during 2011-2012 influenza peak,Role-based transmission matrix,nurse_to_patient_transmission_rate,model_based,staff_vector,contact_network,Nurse-to-patient influenza transmission rate,Nurses transmitted infection to a patient more frequently than doctors,1.04 per day,transmission_rate,NR,NR,increase_risk,medium,SEIR contact-network modeling,acquisition / spread,Geriatric short-stay unit,influenza_only,Unit-specific modeling study,Nurses were the dominant staff-to-patient transmission route,Model nurse-patient contacts as high-priority spread edges
gustin_2023,Gustin et al. 2023,37386032,10.1038/s41598-023-36908-5,France,"Short-stay geriatric unit, university hospital","82 participants: 35 patients, 32 nurses/paramedical staff, 15 doctors",Contact-network stochastic SEIR modeling,Influenza H3N2,Nosocomial transmission context,Confirmed influenza in geriatric short-stay unit,PCR + RFID contact data,10-day study during 2011-2012 influenza peak,Role-based transmission matrix,doctor_to_patient_transmission_rate,model_based,staff_vector,contact_network,Doctor-to-patient influenza transmission rate,Doctor-to-patient transmission rate was lower than nurse-to-patient,0.38 per day,transmission_rate,NR,NR,increase_risk,medium,SEIR contact-network modeling,acquisition / spread,Geriatric short-stay unit,influenza_only,Unit-specific modeling study,Doctors transmitted less frequently than nurses,Model doctor-patient spread edges as lower-weight than nurse edges
gustin_2023,Gustin et al. 2023,37386032,10.1038/s41598-023-36908-5,France,"Short-stay geriatric unit, university hospital","82 participants: 35 patients, 32 nurses/paramedical staff, 15 doctors",Contact-network stochastic SEIR modeling,Influenza H3N2,Nosocomial transmission context,Confirmed influenza in geriatric short-stay unit,PCR + RFID contact data,10-day study during 2011-2012 influenza peak,Role-based transmission matrix,nurse_to_nurse_transmission_rate,model_based,staff_vector,contact_network,Nurse-to-nurse influenza transmission rate,Nurse-to-nurse transmission rate was estimated at 0.34 per day,0.34 per day,transmission_rate,NR,NR,increase_risk,medium,SEIR contact-network modeling,acquisition / spread,Geriatric short-stay unit,influenza_only,Unit-specific modeling study,Staff-staff nurse transmission was relevant,Model nurse-nurse transmission in workforce spread logic
saadatian_elahi_2023,Saadatian-Elahi et al. 2023,37321894,10.1016/j.vaccine.2023.05.060,France,"Edouard Herriot University Hospital, Lyon",296 hospitalized patients with ILI >=72 h after admission and known vaccination status; 67 confirmed HAI cases,Incident test-negative case-control study nested in prospective surveillance,Influenza,Hospital-acquired,ILI symptoms >=72 h after hospitalization and positive RT-PCR,RT-PCR,2004/05-2019/20 except 2012/13,HAI cases vs ILI controls with negative RT-PCR,influenza_vaccination,protective_association,treatment,baseline,Receipt of one dose of current-season influenza vaccine >14 days before ILI symptom onset,Influenza vaccination was independently associated with lower risk of hospital-acquired influenza,0.42,aOR,0.22-0.79,NR,decrease_risk,high,Adjusted logistic regression,acquisition,Hospitalized patients developing ILI >=72 h after admission,influenza_only,Vaccination status was partly self-reported,Patient vaccination was protective against HAI,Add patient influenza vaccination as a strong protective acquisition factor
saadatian_elahi_2023,Saadatian-Elahi et al. 2023,37321894,10.1016/j.vaccine.2023.05.060,France,"Edouard Herriot University Hospital, Lyon",296 hospitalized patients with ILI >=72 h after admission and known vaccination status; 67 confirmed HAI cases,Incident test-negative case-control study nested in prospective surveillance,Influenza,Hospital-acquired,ILI symptoms >=72 h after hospitalization and positive RT-PCR,RT-PCR,2004/05-2019/20 except 2012/13,HAI cases vs ILI controls with negative RT-PCR,geriatric_ward_context,protective_association,exposure,early_hospitalization,Admission to a geriatric ward,Hospitalization in a geriatric ward was independently associated with lower risk of hospital-acquired influenza,0.16,aOR,0.06-0.41,NR,decrease_risk,high,Adjusted logistic regression,acquisition,Hospitalized patients developing ILI >=72 h after admission,influenza_only,Protective association may reflect ward practices and higher vaccine coverage,Geriatric-ward admission was associated with lower HAI risk,Add geriatric-ward context as a protective ward-practice modifier
cho_2024,Cho et al. 2024,38698304,10.1186/s12879-024-09358-1,South Korea,"Tertiary teaching hospital, Seoul","73,859 adults included after exclusions; 111 HAI cases",Retrospective observational ML study,Influenza,Hospital-acquired,Positive influenza A or B PCR >4 days after admission,PCR,2011-2012 and 2019-2020 influenza seasons,HAI vs non-HAI,room_sharing,model_feature,structural,during_exposure_window,Double-room occupancy,Double-room occupancy was the most influential predictor in the random-forest model and HAI was more prevalent in double rooms than in multi-occupancy rooms,NR,model_feature,NR,NR,increase_risk,medium,Random-forest feature importance,acquisition,Adult inpatients staying >4 days,influenza_only,Single-center ML study; no per-feature OR reported,Room type was the strongest practical predictor of HAI in this model,Prioritize room type as a core structural risk input
cho_2024,Cho et al. 2024,38698304,10.1186/s12879-024-09358-1,South Korea,"Tertiary teaching hospital, Seoul","73,859 adults included after exclusions; 111 HAI cases",Retrospective observational ML study,Influenza,Hospital-acquired,Positive influenza A or B PCR >4 days after admission,PCR,2011-2012 and 2019-2020 influenza seasons,HAI vs non-HAI,abnormal_chest_xray,clinical_association,radiology,early_hospitalization,Abnormal chest X-ray,Abnormal chest X-ray was much more frequent in HAI patients,91.0% vs 56.9%,group_difference,NR,<0.001,increase_risk,high,Univariate comparison,acquisition,Adult inpatients staying >4 days,influenza_only,Univariate association in a single-center retrospective study,Abnormal chest X-ray is an important early contextual signal,Add abnormal chest X-ray as a core early radiology feature
cho_2024,Cho et al. 2024,38698304,10.1186/s12879-024-09358-1,South Korea,"Tertiary teaching hospital, Seoul","73,859 adults included after exclusions; 111 HAI cases",Retrospective observational ML study,Influenza,Hospital-acquired,Positive influenza A or B PCR >4 days after admission,PCR,2011-2012 and 2019-2020 influenza seasons,HAI vs non-HAI,age,clinical_association,patient,baseline,Older age,HAI patients were older than non-HAI patients,68.8 vs 58.7 years,group_difference,NR,<0.001,increase_risk,high,Univariate comparison,acquisition,Adult inpatients staying >4 days,influenza_only,Univariate association in a single-center retrospective study,Older age marked higher HAI burden,Use age as a baseline vulnerability feature
cho_2024,Cho et al. 2024,38698304,10.1186/s12879-024-09358-1,South Korea,"Tertiary teaching hospital, Seoul","73,859 adults included after exclusions; 111 HAI cases",Retrospective observational ML study,Influenza,Hospital-acquired,Positive influenza A or B PCR >4 days after admission,PCR,2011-2012 and 2019-2020 influenza seasons,HAI vs non-HAI,immunosuppression,clinical_association,comorbidity,baseline,Immunosuppressed status,Immunosuppression was more common in HAI patients,43.2% vs 26.4%,group_difference,NR,<0.001,increase_risk,high,Univariate comparison,acquisition,Adult inpatients staying >4 days,influenza_only,Univariate association in a single-center retrospective study,Immunosuppression increased HAI susceptibility,Add immunosuppression as a core vulnerability feature
cho_2024,Cho et al. 2024,38698304,10.1186/s12879-024-09358-1,South Korea,"Tertiary teaching hospital, Seoul","73,859 adults included after exclusions; 111 HAI cases",Retrospective observational ML study,Influenza,Hospital-acquired,Positive influenza A or B PCR >4 days after admission,PCR,2011-2012 and 2019-2020 influenza seasons,HAI vs non-HAI,glucocorticoid_exposure,clinical_association,treatment,baseline,Corticosteroid use,Corticosteroid use was more common in HAI patients,56.8% vs 33.9%,group_difference,NR,<0.001,increase_risk,high,Univariate comparison,acquisition,Adult inpatients staying >4 days,influenza_only,Univariate association in a single-center retrospective study,Corticosteroid exposure marked higher HAI risk,Add steroid exposure as a vulnerability feature
cho_2024,Cho et al. 2024,38698304,10.1186/s12879-024-09358-1,South Korea,"Tertiary teaching hospital, Seoul","73,859 adults included after exclusions; 111 HAI cases",Retrospective observational ML study,Influenza,Hospital-acquired,Positive influenza A or B PCR >4 days after admission,PCR,2011-2012 and 2019-2020 influenza seasons,HAI vs non-HAI,renal_disease,clinical_association,comorbidity,baseline,Renal disease,Renal disease was more common in HAI patients,27.0% vs 12.3%,group_difference,NR,<0.001,increase_risk,high,Univariate comparison,acquisition,Adult inpatients staying >4 days,influenza_only,Univariate association in a single-center retrospective study,Renal disease increased HAI susceptibility,Add renal disease as a core comorbidity feature
zhang_2025,Zhang et al. 2025,40308921,10.3389/fpubh.2025.1495794,China,Zhengzhou Central Hospital,953 adults hospitalized >7 days; 239 HA influenza cases and 714 controls from the same ward/time window,Retrospective ML-based admission screening study,Influenza,Hospital-acquired,HA influenza diagnosed >=7 days after admission with positive PCR and no evidence at admission,PCR + ML,Jan 2021-May 2024,HA influenza cases vs ward-matched non-HA controls,age,model_feature,patient,baseline,Age on admission,Age was a key feature in the final model and age >=60 years was more common in HA influenza cases,33.1% vs 21.0%,group_difference,NR,<0.001,increase_risk,medium,LASSO/Boruta feature selection + XGBoost,acquisition,Adults hospitalized >7 days,influenza_only,Modeling study; no adjusted OR for age reported,Older age contributed to early HA-influenza risk screening,Use age as a baseline vulnerability feature in screening
zhang_2025,Zhang et al. 2025,40308921,10.3389/fpubh.2025.1495794,China,Zhengzhou Central Hospital,953 adults hospitalized >7 days; 239 HA influenza cases and 714 controls from the same ward/time window,Retrospective ML-based admission screening study,Influenza,Hospital-acquired,HA influenza diagnosed >=7 days after admission with positive PCR and no evidence at admission,PCR + ML,Jan 2021-May 2024,HA influenza cases vs ward-matched non-HA controls,pneumonia_at_admission,model_feature,radiology,early_hospitalization,Pneumonia on admission,Pneumonia on admission was a key feature in the final model and was more frequent in HA influenza cases,21.3% vs 9.8%,group_difference,NR,<0.001,increase_risk,medium,LASSO/Boruta feature selection + XGBoost,acquisition,Adults hospitalized >7 days,influenza_only,Modeling study; no adjusted OR reported,Pneumonia on admission marks patients at higher HA-influenza risk,Add pneumonia on admission as an early radiology/context feature
zhang_2025,Zhang et al. 2025,40308921,10.3389/fpubh.2025.1495794,China,Zhengzhou Central Hospital,953 adults hospitalized >7 days; 239 HA influenza cases and 714 controls from the same ward/time window,Retrospective ML-based admission screening study,Influenza,Hospital-acquired,HA influenza diagnosed >=7 days after admission with positive PCR and no evidence at admission,PCR + ML,Jan 2021-May 2024,HA influenza cases vs ward-matched non-HA controls,chronic_kidney_disease,model_feature,comorbidity,baseline,Chronic renal failure,Chronic renal failure was a key feature in the final model and was more frequent in HA influenza cases,19.7% vs 10.8%,group_difference,NR,<0.001,increase_risk,medium,LASSO/Boruta feature selection + XGBoost,acquisition,Adults hospitalized >7 days,influenza_only,Modeling study; no adjusted OR reported,Renal disease contributed to higher HA-influenza risk,Add chronic renal failure as a baseline comorbidity feature
zhang_2025,Zhang et al. 2025,40308921,10.3389/fpubh.2025.1495794,China,Zhengzhou Central Hospital,953 adults hospitalized >7 days; 239 HA influenza cases and 714 controls from the same ward/time window,Retrospective ML-based admission screening study,Influenza,Hospital-acquired,HA influenza diagnosed >=7 days after admission with positive PCR and no evidence at admission,PCR + ML,Jan 2021-May 2024,HA influenza cases vs ward-matched non-HA controls,malignancy,model_feature,comorbidity,baseline,Malignant tumor,Malignancy was a key feature in the final model and was more frequent in HA influenza cases,14.6% vs 7.0%,group_difference,NR,<0.001,increase_risk,medium,LASSO/Boruta feature selection + XGBoost,acquisition,Adults hospitalized >7 days,influenza_only,Modeling study; no adjusted OR reported,Malignancy contributed to higher HA-influenza risk,Add malignancy as a baseline comorbidity feature
zhang_2025,Zhang et al. 2025,40308921,10.3389/fpubh.2025.1495794,China,Zhengzhou Central Hospital,953 adults hospitalized >7 days; 239 HA influenza cases and 714 controls from the same ward/time window,Retrospective ML-based admission screening study,Influenza,Hospital-acquired,HA influenza diagnosed >=7 days after admission with positive PCR and no evidence at admission,PCR + ML,Jan 2021-May 2024,HA influenza cases vs ward-matched non-HA controls,protein_depletion,model_feature,lab,early_hospitalization,Hypoproteinemia,Hypoproteinemia was a key feature in the final model and was more frequent in HA influenza cases,19.7% vs 9.7%,group_difference,NR,<0.001,increase_risk,medium,LASSO/Boruta feature selection + XGBoost,acquisition,Adults hospitalized >7 days,influenza_only,Modeling study; no adjusted OR reported,Poor protein status contributed to higher HA-influenza risk,Add hypoproteinemia as an early lab/nutritional feature
zhang_2025,Zhang et al. 2025,40308921,10.3389/fpubh.2025.1495794,China,Zhengzhou Central Hospital,953 adults hospitalized >7 days; 239 HA influenza cases and 714 controls from the same ward/time window,Retrospective ML-based admission screening study,Influenza,Hospital-acquired,HA influenza diagnosed >=7 days after admission with positive PCR and no evidence at admission,PCR + ML,Jan 2021-May 2024,HA influenza cases vs ward-matched non-HA controls,glucocorticoid_exposure,model_feature,treatment,early_hospitalization,Glucocorticoid use,Glucocorticoid use was a key feature in the final model and was more frequent in HA influenza cases,21.3% vs 12.0%,group_difference,NR,<0.001,increase_risk,medium,LASSO/Boruta feature selection + XGBoost,acquisition,Adults hospitalized >7 days,influenza_only,Modeling study; no adjusted OR reported,Glucocorticoid use contributed to higher HA-influenza risk,Add glucocorticoid exposure as an early treatment-context feature
zhang_2025,Zhang et al. 2025,40308921,10.3389/fpubh.2025.1495794,China,Zhengzhou Central Hospital,953 adults hospitalized >7 days; 239 HA influenza cases and 714 controls from the same ward/time window,Retrospective ML-based admission screening study,Influenza,Hospital-acquired,HA influenza diagnosed >=7 days after admission with positive PCR and no evidence at admission,PCR + ML,Jan 2021-May 2024,HA influenza cases vs ward-matched non-HA controls,lymphopenia,model_feature,lab,early_hospitalization,Lymphopenia on admission,Lymphopenia was a key feature in the final model and was more frequent in HA influenza cases,8.8% vs 2.1%,group_difference,NR,<0.001,increase_risk,medium,LASSO/Boruta feature selection + XGBoost,acquisition,Adults hospitalized >7 days,influenza_only,Modeling study; no adjusted OR reported,Lymphopenia contributed to higher HA-influenza risk,Add lymphopenia as an early lab feature
zhang_2025,Zhang et al. 2025,40308921,10.3389/fpubh.2025.1495794,China,Zhengzhou Central Hospital,953 adults hospitalized >7 days; 239 HA influenza cases and 714 controls from the same ward/time window,Retrospective ML-based admission screening study,Influenza,Hospital-acquired,HA influenza diagnosed >=7 days after admission with positive PCR and no evidence at admission,PCR + ML,Jan 2021-May 2024,HA influenza cases vs ward-matched non-HA controls,bmi,model_feature,patient,baseline,Body mass index,BMI was a key feature in the final model and was slightly higher in HA influenza cases,25.952 vs 25.528,median_difference,NR,2,increase_risk,medium,LASSO/Boruta feature selection + XGBoost,acquisition,Adults hospitalized >7 days,influenza_only,Absolute BMI difference was small despite statistical significance,BMI contributed to the screening model but should be interpreted cautiously,Keep BMI as a lower-priority baseline screening feature
amour_2022,Amour et al. 2022,35382916,10.1017/ice.2022.68,France,Two French university hospitals,Hospitalized short-stay inpatients with influenza-like illness; 24 confirmed HA influenza cases and 141 influenza-negative controls over 2 influenza seasons,Case-case negative control study nested in a prospective cohort,Influenza,Hospital-acquired,HA influenza defined as virologically confirmed influenza with symptom onset >=72 h after ward admission,Systematic nasal swab PCR,Two influenza seasons,Confirmed HA influenza cases vs influenza-negative ILI controls,hcw_influenza_vaccination_coverage,protective_association,staff,pre_exposure,Ward-level healthcare-worker influenza vaccination coverage >=40%,"After adjustment, ward healthcare-worker influenza vaccination coverage >=40% was associated with markedly lower risk of hospital-acquired influenza among patients",0.07,aOR,0.01-0.78,NR,decrease_risk,high,"Mixed-effect logistic regression adjusted for patient sex, age, potential influenza source on ward in prior 5 days, ward type, and influenza season",acquisition,Short-stay hospitalized patients with ILI under systematic PCR testing,influenza_only,Pilot multicenter study with limited sample size and only 24 HA cases,Higher HCW vaccination coverage appeared protective against HA influenza,Add ward HCW vaccination coverage as a protective transmission-context feature for acquisition reasoning