source_id,citation,pmid,doi,country,setting,population,study_design,pathogen_scope,acquisition_context,hospital_acquired_definition,diagnostic_method,surveillance_frame,comparator_group,canonical_feature_name,risk_factor_type,feature_class,temporal_stage,risk_factor_definition,finding_text,effect_size,effect_size_type,confidence_interval,p_value,effect_direction,evidence_strength,adjustment_level,outcome_linked,clinical_context,applicability_to_influenza,key_limitations,study_reported_implication,codeblue_translation,tags,factor_role,data_status
payet_2016,Payet et al. 2016,26846882,10.1017/S0950268816000145,France,Edouard Herriot Hospital outbreaks,"64 incident HA-ILI cases among 21,417 patients at risk",Prospective observational study with Bayesian modeling,Influenza-like illness,Hospital-acquired exposure mode,HA-ILI during hospital outbreaks,Prospective surveillance plus statistical model,2004-2007,Exposure-source modeling among hospital patients,patient_exposure_attributable_fraction,model_based,exposure,outbreak_dynamic,Attributable fraction of HA-ILI due to patient exposure,59% of patient HA-ILI was attributable to exposure to contagious patients,59%,attributable_fraction,34-83 (CrI),NR,increase_risk,high,Bayesian transmission model,transmission context,Hospital outbreak exposure modeling,shared_with_other_pathogens,HA-ILI rather than PCR-confirmed influenza,Patients were the dominant recorded source of exposure,Use as transmission-context support rather than core predictor,ATTRIBUTABLE FRACTION; PATIENT SOURCE,contextual,ready
payet_2016,Payet et al. 2016,26846882,10.1017/S0950268816000145,France,Edouard Herriot Hospital outbreaks,"64 incident HA-ILI cases among 21,417 patients at risk",Prospective observational study with Bayesian modeling,Influenza-like illness,Hospital-acquired exposure mode,HA-ILI during hospital outbreaks,Prospective surveillance plus statistical model,2004-2007,Exposure-source modeling among hospital patients,hcw_exposure_attributable_fraction,model_based,staff_vector,outbreak_dynamic,Attributable fraction of HA-ILI due to HCW exposure,41% of patient HA-ILI was attributable to exposure to contagious HCWs,41%,attributable_fraction,17-66 (CrI),NR,increase_risk,high,Bayesian transmission model,transmission context,Hospital outbreak exposure modeling,shared_with_other_pathogens,HA-ILI rather than PCR-confirmed influenza,HCWs were a major recorded source of exposure,Use as staff-vector transmission context,ATTRIBUTABLE FRACTION; HCW SOURCE,contextual,ready
payet_2016,Payet et al. 2016,26846882,10.1017/S0950268816000145,France,Edouard Herriot Hospital outbreaks,"64 incident HA-ILI cases among 21,417 patients at risk",Prospective observational study with Bayesian modeling,Influenza-like illness,Hospital-acquired exposure mode,HA-ILI during hospital outbreaks,Prospective surveillance plus statistical model,2004-2007,Exposure-source modeling among hospital patients,one_day_lag_transmission_pattern,model_based,exposure,outbreak_dynamic,Transmission linked to exposure one day earlier,About 80% of HA-ILI was associated with exposure one day earlier,80%,attributable_fraction,59-96 / 46-99 (CrI),NR,increase_risk,high,Bayesian transmission model,transmission timing,Hospital outbreak exposure modeling,shared_with_other_pathogens,Model-based estimate,Secondary cases may appear as soon as the day after detection,Update transmission logic to emphasize short-lag spread,OUTBREAK TIMING; SHORT LAG,contextual,ready
payet_2016,Payet et al. 2016,26846882,10.1017/S0950268816000145,France,Edouard Herriot Hospital outbreaks,"64 incident HA-ILI cases among 21,417 patients at risk",Prospective observational study with Bayesian modeling,Influenza-like illness,Hospital-acquired exposure mode,HA-ILI during hospital outbreaks,Prospective surveillance plus statistical model,2004-2007,Exposure-source modeling among hospital patients,unobservable_transmission_from_patients,model_based,exposure,outbreak_dynamic,Transmission during unobservable contagious period of source patients,49% of patient-source HA-ILI occurred during unobservable contagiousness,49%,attributable_fraction,19-75 (CrI),NR,increase_risk,high,Bayesian transmission model,transmission timing,Hospital outbreak exposure modeling,shared_with_other_pathogens,Model-based estimate,Hidden patient transmission was substantial,Account for presymptomatic patient spread,HIDDEN TRANSMISSION; PATIENT,contextual,ready
payet_2016,Payet et al. 2016,26846882,10.1017/S0950268816000145,France,Edouard Herriot Hospital outbreaks,"64 incident HA-ILI cases among 21,417 patients at risk",Prospective observational study with Bayesian modeling,Influenza-like illness,Hospital-acquired exposure mode,HA-ILI during hospital outbreaks,Prospective surveillance plus statistical model,2004-2007,Exposure-source modeling among hospital patients,unobservable_transmission_from_hcws,model_based,staff_vector,outbreak_dynamic,Transmission during unobservable contagious period of source HCWs,82% of HCW-source HA-ILI occurred during unobservable contagiousness,82%,attributable_fraction,51-99 (CrI),NR,increase_risk,high,Bayesian transmission model,transmission timing,Hospital outbreak exposure modeling,shared_with_other_pathogens,Model-based estimate,Hidden HCW transmission was substantial,Account for presymptomatic HCW spread,HIDDEN TRANSMISSION; HCW,contextual,ready
tamo_2022,Tamò et al. 2022,33952361,10.1017/ice.2021.112,Switzerland,University Hospital Zurich,152 HCWs and 542 inpatients over 2 influenza seasons,Prospective surveillance study with sequencing/contact tracing,Influenza,Hospital transmission context,Influenza infection in acute care during study monitoring,PCR + sequencing + contact tracing,2015-2016 and 2016-2017,Asymptomatic vs symptomatic transmission context,asymptomatic_shedding_exists,prospective_surveillance,staff_vector / exposure,contact_network,Influenza-positive shedding without symptoms,Influenza-positive swabs were collected on days without symptoms in both HCWs and inpatients,15.5% HCW swabs; 7.9% inpatient swabs,frequency,NR,NR,contextual,medium,Prospective surveillance,transmission context,Acute-care influenza monitoring,influenza_only,Study population was volunteer sample,Asymptomatic shedding exists in hospital influenza,Use as nuance in transmission interpretation,ASYMPTOMATIC SHEDDING,contextual,ready
tamo_2022,Tamò et al. 2022,33952361,10.1017/ice.2021.112,Switzerland,University Hospital Zurich,152 HCWs and 542 inpatients over 2 influenza seasons,Prospective surveillance study with sequencing/contact tracing,Influenza,Hospital transmission context,Influenza infection in acute care during study monitoring,PCR + sequencing + contact tracing,2015-2016 and 2016-2017,Asymptomatic vs symptomatic transmission context,symptomatic_transmission_event_observed,prospective_surveillance,exposure,contact_network,Observed transmission event from symptomatic case,One monitored transmission event originated from a symptomatic case,1 event,event_count,NR,NR,increase_risk,medium,Prospective surveillance,transmission context,Acute-care influenza monitoring,influenza_only,Low number of observed events,Observed transmission in this study came from symptomatic shedding,Support symptom-triggered barrier precautions,SYMPTOMATIC TRANSMISSION,contextual,ready
tamo_2022,Tamò et al. 2022,33952361,10.1017/ice.2021.112,Switzerland,University Hospital Zurich,152 HCWs and 542 inpatients over 2 influenza seasons,Prospective surveillance study with sequencing/contact tracing,Influenza,Hospital transmission context,Influenza infection in acute care during study monitoring,PCR + sequencing + contact tracing,2015-2016 and 2016-2017,Asymptomatic vs symptomatic transmission context,no_asymptomatic_transmission_event_observed,prospective_surveillance,exposure,contact_network,No monitored transmission from asymptomatic positive individuals,No transmission event occurred in monitored contacts with asymptomatic influenza-positive individuals,0 events,event_count,NR,NR,decrease_risk,medium,Prospective surveillance,transmission context,Acute-care influenza monitoring,influenza_only,"Absence of evidence, not proof of no transmission",Asymptomatic shedding did not generate observed transmission in monitored contacts,"Use as nuance, not as absolute rule",ASYMPTOMATIC TRANSMISSION,contextual,ready
tamo_2022,Tamò et al. 2022,33952361,10.1017/ice.2021.112,Switzerland,University Hospital Zurich,152 HCWs and 542 inpatients over 2 influenza seasons,Prospective surveillance study with sequencing/contact tracing,Influenza,Hospital transmission context,Influenza infection in acute care during study monitoring,PCR + sequencing + contact tracing,2015-2016 and 2016-2017,Acute-care transmission context,low_secondary_attack_rate,prospective_surveillance,exposure,contact_network,Secondary attack rate in monitored acute-care setting,Secondary attack rate was low,0.6%,secondary_attack_rate,NR,NR,decrease_risk,medium,Prospective surveillance,transmission context,Acute-care influenza monitoring,influenza_only,Low-event setting,Barrier precautions and vaccination may have limited transmission,Use as contextual baseline in simulation layer,SECONDARY ATTACK RATE,contextual,ready
gustin_2023,Gustin et al. 2023,37386032,10.1038/s41598-023-36908-5,France,"Short-stay geriatric unit, university hospital","82 participants: 35 patients, 32 nurses/paramedical staff, 15 doctors",Contact-network stochastic SEIR modeling,Influenza H3N2,Nosocomial transmission context,Confirmed influenza in geriatric short-stay unit,PCR + RFID contact data,10-day study during 2011-2012 influenza peak,Role-based transmission matrix,nurse_patient_doctor_transmission_matrix,model_based,staff_vector,contact_network,3x3 role-based transmission matrix,The study estimated a 3x3 role-based transmission matrix using individual contact data,NR,transmission_matrix,NR,NR,contextual,medium,SEIR contact-network modeling,transmission context,Geriatric short-stay unit,influenza_only,Unit-specific modeling study,Role-based transmission is heterogeneous,Model spread edges by role rather than assuming uniform mixing,CONTACT NETWORK; TRANSMISSION MATRIX,contextual,ready
parkash_2019,Parkash et al. 2019,30991976,10.1186/s12890-019-0842-6,Australia,"Tertiary referral hospital, Canberra",292 hospitalized influenza patients; 28 hospital-acquired cases,Surveillance-based observational study,Influenza,Hospital-acquired / compared,"Symptom onset ≥48 h after admission unrelated to respiratory illness, or diagnosis ≥7 days if onset unknown",PCR,Apr-Oct 2017,Hospital-acquired vs community-acquired influenza,clustered_hospital_acquired_cases,surveillance,operational,outbreak_dynamic,Distinct hospital-acquired case clusters,Cases occurred in two distinct clusters suggesting intra-hospital transmission,2 clusters,cluster_count,NR,NR,increase_risk,medium,Descriptive surveillance,transmission context,Hospitalized adult influenza patients,influenza_only,Single season at one center,Clusters support non-random intra-hospital spread,Use clustering as an outbreak escalation signal,CLUSTERING; OUTBREAK,contextual,ready
cho_2024,Cho et al. 2024,38698304,10.1186/s12879-024-09358-1,South Korea,"Tertiary teaching hospital, Seoul","73,859 adults included after exclusions; 111 HAI cases",Retrospective observational ML study,Influenza,Hospital transmission context,Positive influenza A or B PCR >4 days after admission,PCR,2011-2012 and 2019-2020 influenza seasons,HAI vs non-HAI,patient_exposure_same_room,clinical_association,exposure,outbreak_dynamic,Same-room exposure to a patient with influenza,Same-room exposure to an influenza patient was much more frequent in HAI patients,14.4% vs 2.1%,group_difference,NR,<0.001,increase_risk,high,Univariate comparison,transmission context,Adult inpatients staying >4 days,influenza_only,Observational comparison only; single-center study,Same-room overlap is a strong transmission-context signal,Use same-room exposure as a direct outbreak-risk feature,SAME ROOM; DIRECT EXPOSURE,contextual,ready
cho_2024,Cho et al. 2024,38698304,10.1186/s12879-024-09358-1,South Korea,"Tertiary teaching hospital, Seoul","73,859 adults included after exclusions; 111 HAI cases",Retrospective observational ML study,Influenza,Hospital transmission context,Positive influenza A or B PCR >4 days after admission,PCR,2011-2012 and 2019-2020 influenza seasons,HAI vs non-HAI,patient_exposure_same_unit,clinical_association,exposure,outbreak_dynamic,Same-unit exposure to a patient with influenza,Same-unit exposure to an influenza patient was much more frequent in HAI patients,45.9% vs 12.3%,group_difference,NR,<0.001,increase_risk,high,Univariate comparison,transmission context,Adult inpatients staying >4 days,influenza_only,Observational comparison only; single-center study,Same-unit overlap is a strong ward-level transmission signal,Use same-unit exposure as a ward-risk transmission feature,SAME UNIT; WARD EXPOSURE,contextual,ready
cho_2024,Cho et al. 2024,38698304,10.1186/s12879-024-09358-1,South Korea,"Tertiary teaching hospital, Seoul","73,859 adults included after exclusions; 111 HAI cases",Retrospective observational ML study,Influenza,Hospital transmission context,Positive influenza A or B PCR >4 days after admission,PCR,2011-2012 and 2019-2020 influenza seasons,HAI vs non-HAI,double_room_context,model_feature,structural,outbreak_dynamic,Double-room occupancy as transmission context,Double-room occupancy was the most influential predictor in the random-forest model and the authors interpret persistent close proximity in double rooms as facilitating transmission,NR,model_feature,NR,NR,increase_risk,medium,Random-forest feature importance + author interpretation,transmission context,Adult inpatients staying >4 days,influenza_only,No adjusted effect estimate; interpretation partly mechanistic,Double-room structure likely increases transmission opportunity,Use double-room placement as a structural transmission modifier,DOUBLE ROOM; STRUCTURAL PROXIMITY,contextual,ready_partial
snell_2022,Snell et al. 2022,36137361,10.1016/j.jiph.2022.08.021,United Kingdom,Multi-site healthcare organisation,298 inpatient contacts exposed to influenza from 11 index cases; 23 secondary cases,Prospective observational contact-follow-up study with PCR confirmation and sequencing subset,Influenza,Hospital transmission context,Exposure defined as sharing a bay/room with a laboratory-confirmed case before isolation precautions,PCR; sequencing subset,Dec 2018-Feb 2019,Exposed contacts followed for 7 days,secondary_attack_after_shared_bay_exposure,prospective_surveillance,exposure,contact_network,Symptomatic PCR-confirmed influenza acquisition among inpatients exposed in a shared bay/room to a known case,"23 of 298 contacts (7.7%) became secondary cases; among contacts completing follow-up, 23 of 105 (21.9%) became secondary cases",7.7%; 21.9%,attack_rate,NR,NR,increase_risk,high,Descriptive prospective follow-up,secondary case acquisition,Adult inpatients exposed to influenza case in shared bay/room,influenza_only,Only symptomatic contacts were tested and many contacts were discharged before full follow-up,Inpatient bay/room exposure created a measurable nosocomial secondary-attack rate,Use shared-bay exposure as a direct transmission-risk signal,SECONDARY ATTACK RATE; BAY EXPOSURE,contextual,ready
zhan_2021,Zhan et al. 2021,34795934,10.21037/jtd-21-897,China,"Respiratory department of a 1520-bed tertiary hospital, Guangzhou",8 influenza-like illness patients during respiratory-ward outbreak; 7 RT-PCR-confirmed A(H1N1)pdm09,"Prospective outbreak investigation with RT-PCR, culture and phylogenetics",Influenza A(H1N1)pdm09,Nosocomial outbreak,ILI developing >48 h after hospitalization in the respiratory department,"Rapid antigen test, RT-PCR, culture; sequencing subset",21 Jan-17 Feb 2016 outbreak,Clustered ward cases,same_room_and_same_ward_clustering,outbreak_observation,exposure,outbreak_dynamic,Spatial clustering of nosocomial A(H1N1)pdm09 cases across rooms in a respiratory ward,"After the index case in room 11, eight patients in three rooms developed influenza-like illness before the control bundle contained the outbreak",8 cases; 3 rooms,cluster_description,NR,NR,contextual,medium,Descriptive outbreak investigation,clustered nosocomial spread,Respiratory department outbreak,influenza_only,Small single-ward outbreak,Room-level clustering reflected local nosocomial spread,Use same-room and nearby-room clustering as outbreak-escalation logic,CLUSTERING; ROOM-BASED SPREAD,contextual,ready
zhan_2021,Zhan et al. 2021,34795934,10.21037/jtd-21-897,China,"Respiratory department of a 1520-bed tertiary hospital, Guangzhou",8 influenza-like illness patients during respiratory-ward outbreak; 7 RT-PCR-confirmed A(H1N1)pdm09,"Prospective outbreak investigation with RT-PCR, culture and phylogenetics",Influenza A(H1N1)pdm09,Nosocomial outbreak,ILI developing >48 h after hospitalization in the respiratory department,"Rapid antigen test, RT-PCR, culture; sequencing subset",21 Jan-17 Feb 2016 outbreak,Outbreak cases,prolonged_shedding_case_signal,outbreak_observation,pathogen,outbreak_dynamic,Prolonged RT-PCR positivity in outbreak case with bronchiectasis and Penicillium marneffei infection,"One patient remained RT-PCR-positive 11 days after fever onset, indicating prolonged viral shedding beyond fever duration",11 days,shedding_duration,NR,NR,contextual,medium,Descriptive single-case observation,prolonged shedding,Respiratory ward outbreak,influenza_only,Single-case observation within a small outbreak,Immunocompromised or structurally abnormal-lung patients may shed longer,Flag prolonged-shedding hosts as extended transmission-risk nodes,PROLONGED SHEDDING; OUTBREAK,contextual,ready_partial
cummings_2022,Cummings et al. 2022,34607624,10.1017/ice.2021.392,United States,FluSurv-NET population-based hospitalization surveillance,94158 influenza-associated hospitalizations; 353 HAI cases,Cross-sectional surveillance study,Influenza,Hospital-acquired surveillance burden,Positive influenza test date and respiratory symptom onset >3 days after admission; possible HAI if positive test >3 days after admission with missing symptom-onset date,Provider-initiated or facility-based testing,2011-2012 through 2018-2019 influenza seasons,All influenza-associated hospitalizations,hospital_acquired_influenza_population_burden,surveillance_epidemiology,burden,outbreak_dynamic,Population prevalence and rate of hospital-acquired influenza among influenza-associated hospitalizations,"Among 94158 influenza-associated hospitalizations, 353 (0.4%) were classified as hospital-acquired influenza; adjusted rate was 0.4 per 100000 persons, increasing to 1.3% prevalence and 1.5 per 100000 when possible HAI cases were included",0.4%; 1.3%,descriptive_rate,NR,NR,contextual,high,Adjusted population rate estimates,hospital burden,Population surveillance,influenza_only,Testing was not systematic and HAI was likely underestimated,HAI rates were low but likely underestimated,"Use as baseline surveillance burden context, not as patient-level risk",SURVEILLANCE; POPULATION RATE,contextual,ready
yue_2017,Yue et al. 2017,27730741,10.1111/ajco.12565,Australia,Inpatient hematology and allogeneic stem cell transplant unit,All admitted patients during H1N1 outbreak window; 12 outbreak-associated influenza A cases,Retrospective outbreak review,Influenza A(H1N1),Nosocomial outbreak control context,Nosocomial outbreak window from 1 week before index case until 4 weeks after prophylaxis implementation,PCR on nasopharyngeal swabs and/or bronchoalveolar lavage,Single-unit outbreak period,Outbreak before vs after universal prophylaxis,universal_oseltamivir_prophylaxis_outbreak_control,outbreak_intervention,intervention,outbreak_dynamic,Universal oseltamivir prophylaxis for all inpatients during recognized ward outbreak,"After clustering of seven cases triggered recognition of the outbreak, universal oseltamivir prophylaxis plus reinforced infection control was followed by no further influenza A cases linked to the outbreak",0 further linked cases,outbreak_termination,NR,NR,decrease_risk,medium,Descriptive outbreak intervention,outbreak spread,High-risk hematology / transplant unit,influenza_only,Single outbreak in a highly specialized unit,Early universal prophylaxis appeared effective in controlling spread in this setting,Use as outbreak-control support for high-risk units when clustered transmission is recognized,OSELTAMIVIR; OUTBREAK CONTROL; HEMATOLOGY,contextual,ready_partial
blanco_2016,Blanco et al. 2016,27188950,10.1093/aje/kwv293,United States,"Hypothetical general hospital in Ann Arbor, Michigan",Hospital patients and healthcare workers interacting with community,Model-based SEIR simulation study,Influenza,Hospital transmission control modeling,Not applicable; simulated hospital transmission,SEIR compartmental model,June 2012-June 2013 seasonal epidemic,Simulated intervention scenarios,hand_hygiene,intervention_effect,intervention,outbreak_dynamic,Improved hand-washing compliance as an influenza control measure,"In the simulation, hand-washing was the most effective individual strategy and reduced hospital influenza cases by 11%-27%",11%-27%,simulated_case_reduction,NR,NR,decrease_risk,medium,Model-based simulation,hospital cases,Hospital control strategy,influenza_only,Simulation study rather than empirical ward data,Hand hygiene was the strongest single modeled intervention,"Use as policy-supporting transmission evidence, not as a direct empirical effect size",HAND HYGIENE; MODELING,contextual,ready_partial
blanco_2016,Blanco et al. 2016,27188950,10.1093/aje/kwv293,United States,"Hypothetical general hospital in Ann Arbor, Michigan",Hospital patients and healthcare workers interacting with community,Model-based SEIR simulation study,Influenza,Hospital transmission control modeling,Not applicable; simulated hospital transmission,SEIR compartmental model,June 2012-June 2013 seasonal epidemic,Simulated intervention scenarios,hcw_vaccination,intervention_effect,intervention,outbreak_dynamic,Healthcare-worker influenza vaccination as an influenza control measure,"In the simulation, healthcare-worker vaccination reduced hospital influenza cases by 6%-19%",6%-19%,simulated_case_reduction,NR,NR,decrease_risk,medium,Model-based simulation,hospital cases,Hospital control strategy,influenza_only,Simulation study rather than empirical ward data,HCW vaccination contributed meaningfully to reduced transmission,Use as policy-supporting evidence for staff-focused prevention,HCW VACCINATION; MODELING,contextual,ready_partial
blanco_2016,Blanco et al. 2016,27188950,10.1093/aje/kwv293,United States,"Hypothetical general hospital in Ann Arbor, Michigan",Hospital patients and healthcare workers interacting with community,Model-based SEIR simulation study,Influenza,Hospital transmission control modeling,Not applicable; simulated hospital transmission,SEIR compartmental model,June 2012-June 2013 seasonal epidemic,Simulated intervention scenarios,patient_prevaccination,intervention_effect,intervention,outbreak_dynamic,Prevaccination of patients before exposure as an influenza control measure,"In the simulation, patient prevaccination reduced hospital influenza cases by 4%-17%",4%-17%,simulated_case_reduction,NR,NR,decrease_risk,medium,Model-based simulation,hospital cases,Hospital control strategy,influenza_only,Simulation study rather than empirical ward data,Prevaccination of patients contributed to lower transmission,Use as supportive evidence for pre-season patient vaccination planning,PATIENT VACCINATION; MODELING,contextual,ready_partial
blanco_2016,Blanco et al. 2016,27188950,10.1093/aje/kwv293,United States,"Hypothetical general hospital in Ann Arbor, Michigan",Hospital patients and healthcare workers interacting with community,Model-based SEIR simulation study,Influenza,Hospital transmission control modeling,Not applicable; simulated hospital transmission,SEIR compartmental model,June 2012-June 2013 seasonal epidemic,Simulated intervention scenarios,patient_isolation,intervention_effect,intervention,outbreak_dynamic,Patient isolation as an influenza control measure,"In the simulation, patient isolation reduced hospital influenza cases by 5%-16%",5%-16%,simulated_case_reduction,NR,NR,decrease_risk,medium,Model-based simulation,hospital cases,Hospital control strategy,influenza_only,Simulation study rather than empirical ward data,Isolation was a meaningful component of transmission control,Use as supportive evidence for isolation/cohorting logic,ISOLATION; MODELING,contextual,ready_partial
blanco_2016,Blanco et al. 2016,27188950,10.1093/aje/kwv293,United States,"Hypothetical general hospital in Ann Arbor, Michigan",Hospital patients and healthcare workers interacting with community,Model-based SEIR simulation study,Influenza,Hospital transmission control modeling,Not applicable; simulated hospital transmission,SEIR compartmental model,June 2012-June 2013 seasonal epidemic,Simulated intervention scenarios,antiviral_treatment,intervention_effect,intervention,outbreak_dynamic,Antiviral treatment as an influenza control measure,"In the simulation, antiviral treatment reduced hospital influenza cases by 4%-14%",4%-14%,simulated_case_reduction,NR,NR,decrease_risk,medium,Model-based simulation,hospital cases,Hospital control strategy,influenza_only,Simulation study rather than empirical ward data,Antiviral treatment contributed to lower hospital transmission,Use as supportive evidence for treatment/prophylaxis review logic,ANTIVIRAL; MODELING,contextual,ready_partial
blanco_2016,Blanco et al. 2016,27188950,10.1093/aje/kwv293,United States,"Hypothetical general hospital in Ann Arbor, Michigan",Hospital patients and healthcare workers interacting with community,Model-based SEIR simulation study,Influenza,Hospital transmission control modeling,Not applicable; simulated hospital transmission,SEIR compartmental model,June 2012-June 2013 seasonal epidemic,Simulated intervention scenarios,face_masks,intervention_effect,intervention,outbreak_dynamic,Use of face masks as an influenza control measure,"In the simulation, face masks reduced hospital influenza cases by 3%-10%",3%-10%,simulated_case_reduction,NR,NR,decrease_risk,medium,Model-based simulation,hospital cases,Hospital control strategy,influenza_only,Simulation study rather than empirical ward data,Face masks had a modest but meaningful modeled effect,Use as supportive evidence for masking in bundled prevention,FACE MASKS; MODELING,contextual,ready_partial
blanco_2016,Blanco et al. 2016,27188950,10.1093/aje/kwv293,United States,"Hypothetical general hospital in Ann Arbor, Michigan",Hospital patients and healthcare workers interacting with community,Model-based SEIR simulation study,Influenza,Hospital transmission control modeling,Not applicable; simulated hospital transmission,SEIR compartmental model,June 2012-June 2013 seasonal epidemic,Simulated intervention scenarios,multifaceted_control_bundle,intervention_effect,intervention,outbreak_dynamic,Combined implementation of all modeled infection control strategies,Use of all strategies together could potentially halve observed hospital influenza cases under ideal compliance and achieve almost 40% reduction under a more realistic scenario,40%-50%,simulated_case_reduction,NR,NR,decrease_risk,medium,Model-based simulation,hospital cases,Hospital control strategy,influenza_only,Simulation study rather than empirical ward data,A multifaceted approach was clearly superior to single measures,Use as support for bundled rather than single-intervention policy logic,BUNDLE; MODELING,contextual,ready_partial
rothman_2023,Rothman et al. 2023,37419188,10.1016/j.jhin.2023.06.024,Sweden,Skane County hospitals,4110 hospitalized adult PCR-positive influenza patients; 430 HAI cases,Prospective multi-season observational study with subtype analysis,Influenza,Hospital dissemination by subtype,Medical-record review used to confirm nosocomial origin,RT-PCR with influenza A subtyping,2013-2019 influenza seasons,H3N2 vs H1N1pdm09 vs influenza B,h3n2_associated_hospital_dissemination,subtype_association,pathogen,outbreak_dynamic,Influenza subtype as determinant of hospital dissemination,"Influenza A(H3N2) infections were more often hospital-acquired (15.1%) than A(H1N1)pdm09 (6.3%) and influenza B (6.8%), and 73.3% of H3N2 HAI cases were clustered, accounting for all 20 hospital outbreaks with >=4 affected patients",15.1% vs 6.3% vs 6.8%,comparative_frequency,NR,<0.001,increase_risk,high,Prospective observational subtype comparison,hospital dissemination,Hospitalized adult influenza patients,influenza_only,Observational design,H3N2 was associated with markedly greater hospital dissemination,"Use subtype information, especially H3N2, to intensify outbreak vigilance",H3N2; SUBTYPING; OUTBREAKS,contextual,ready
lepen_2020,Lepen et al. 2020,32766383,10.1093/ofid/ofaa240,Slovenia,Single-center university hospital,222 exposed adult inpatients who could not be immediately separated from index cases,Randomized open-label noninferiority trial,Influenza,Postexposure hospital transmission control,Exposure to influenza in hospital setting without immediate separation,Clinical follow-up and influenza incidence assessment after prophylaxis,2019 study period,5-day vs 10-day oseltamivir prophylaxis,five_day_oseltamivir_postexposure_prophylaxis,postexposure_prophylaxis,intervention,outbreak_dynamic,Five-day versus 10-day postexposure prophylaxis with oseltamivir after hospital exposure,"In intention-to-treat analysis, influenza incidence was 1.8% in the 5-day group and 0% in the 10-day group, and 5-day prophylaxis was noninferior to the 10-day regimen",1.8% vs 0%,noninferiority_trial,1-sided 95% CI -1 to 4.9 percentage points,0.77,decrease_risk,high,Randomized noninferiority trial,nosocomial transmission after exposure,Hospital-exposed adult inpatients,influenza_only,Single-center study,Five-day prophylaxis appeared sufficient in this exposure scenario,Use as support for shorter postexposure prophylaxis review when immediate separation is not feasible,POSTEXPOSURE PROPHYLAXIS; OSELTAMIVIR,contextual,ready
gallouche_2022,Gallouche et al. 2022,35135618,10.1186/s13756-021-01046-y,France,Grenoble Alpes University Hospital,1559 hospital stays among 1540 adults with positive influenza tests over 5 epidemic seasons,Retrospective hospital-wide prevention evaluation,Influenza,Multimodal hospital prevention strategy,Nosocomial influenza over consecutive epidemic seasons,Retrospective testing and hospital surveillance,2014-2015 to 2018-2019 epidemic seasons,5-measure units vs baseline season and 3-measure units,five_measure_multimodal_prevention_strategy,multimodal_strategy,intervention,outbreak_dynamic,"Five-modality prevention strategy including HCW vaccination promotion, surveillance, communication, improved diagnosis, and systematic surgical mask use","In units implementing five measures, nosocomial influenza risk was reduced over subsequent seasons compared with 2014-2015, with significant reductions in 2016-2017 (IRR 0.39) and 2018-2019 (IRR 0.48), whereas no significant difference was seen in units implementing only three measures",IRR 0.39 to 0.48,IRR,2016-2017 0.19-0.81; 2018-2019 0.23-0.97,varies by season,decrease_risk,high,Poisson regression,nosocomial influenza incidence,Hospital prevention program,influenza_only,Retrospective ecological implementation study,"A broader multimodal strategy, especially with rapid diagnosis and mask use, appeared to halve risk in high-risk units",Use as support for enhanced bundled prevention in wards receiving many influenza patients,MULTIMODAL STRATEGY; MASKS; RAPID DIAGNOSIS,contextual,ready
wong_2020,Wong et al. 2020,32799965,10.1017/ice.2020.425,Hong Kong,Healthcare network with 3100 beds,Network-wide hospital surveillance during universal masking period,Pre-post observational comparison,Influenza and RSV,Hospital prevention during COVID-era masking,Nosocomial respiratory viral infection defined as onset of fever or respiratory symptoms >48 hours after admission,Xpert Xpress Flu/RSV and hospital surveillance,February-April 2020 vs corresponding months 2017-2019,Historical preintervention period,universal_masking_hospital_policy,universal_masking,intervention,outbreak_dynamic,Universal masking for healthcare workers and patients in hospitals,"With 100% compliance in healthcare workers and 75.9% in patients, zero rates of nosocomial influenza A, influenza B, and RSV were achieved from February to April 2020, significantly lower than corresponding months in 2017-2019",0 nosocomial influenza A/B cases,pre_post_comparison,NR,significant,decrease_risk,medium,Historical comparison,nosocomial respiratory virus incidence,Hospital-wide masking policy,influenza_primary_with_rsv,"The study occurred during a broader COVID-era infection-control bundle, so masking was not isolated as the only cause",Universal masking was associated with disappearance of nosocomial influenza during the observation period,Use as strong supportive evidence for universal masking in high-risk periods,UNIVERSAL MASKING; HOSPITAL POLICY,contextual,ready_partial
cazzorla_2022,Cazzorla et al. 2022,34562527,10.1016/j.ajic.2021.09.016,France,Grenoble Alpes University Hospital,464 hospitalized influenza patients during 2017-2018 epidemic season,Prospective pragmatic cohort study,Influenza,Multiple-bed-room emergency prevention strategy,HAI occurrence after co-hospitalization with laboratory-confirmed influenza case,RT-PCR,29 Nov 2017 to 10 May 2018,Exposed neighbors under emergency strategy,multiple_bed_room_emergency_strategy,pragmatic_prevention_strategy,intervention,outbreak_dynamic,"Emergency strategy for placing influenza patients in multiple-bed rooms using non-immunocompromised neighbor selection, physical barriers, masking and pre-emptive oseltamivir","Among exposed neighbors, eight matched HAI definition but seven were already exposed before strategy set-up; only one documented transmission occurred after incorrect application of the strategy due to wrong oseltamivir prophylactic dosing",1 post-implementation documented transmission,pragmatic_outbreak_outcome,NR,NR,decrease_risk,medium,Prospective pragmatic observation,HAI occurrence after room exposure,Hospital bed-capacity pressure context,influenza_only,No systematic monitoring of neighbors; detection bias acknowledged,Maximum precautions may limit HAI even in multiple-bed rooms,Use as contingency evidence for crisis-capacity multi-bed placement with strict safeguards,MULTIPLE-BED ROOM; BARRIERS; OSELTAMIVIR,contextual,ready_partial
dennis_2020,Dennis et al. 2020,32565192,10.1016/j.jcf.2020.04.011,United Kingdom,Adult cystic fibrosis center with dedicated ward,21 inpatients during outbreak; 10 developed influenza B,Outbreak investigation with clinical and environmental review,Influenza B,Nosocomial outbreak spread context,Outbreak of influenza B on specialist ward with strict infection control procedures,Respiratory viral PCR plus environmental ventilation review,May 2016 outbreak,Affected vs unaffected ward rooms,low_ventilation_and_room_proximity,environmental_association,structural,outbreak_dynamic,Room proximity and inadequate room ventilation as contributors to outbreak spread,"Attack rate was 48% (10/21); nine affected rooms were in close proximity while the two isolation rooms with enhanced ventilation had no infections, and affected rooms had 1.75-2.10 air changes per hour, below recommendations",48% attack rate,outbreak_description,NR,NR,increase_risk,medium,Descriptive outbreak and environmental review,nosocomial spread,Specialist cystic fibrosis ward,influenza_only,Single outbreak; environmental association rather than causal proof,Poor ventilation and ward layout likely contributed to spread,Use ventilation and room-layout signals in outbreak-risk assessment,VENTILATION; ROOM PROXIMITY; OUTBREAK,contextual,ready
luque_paz_2020,Luque-Paz et al. 2020,32540461,10.1016/j.jhin.2020.06.005,France,Rennes University Hospital,57 nosocomial influenza cases identified during one influenza season,Retrospective study of documented nosocomial influenza,Influenza,Nosocomial influenza characteristics,Positive PCR >=48 h after admission with no influenza-like symptoms during the first 48 h,PCR on respiratory samples,2017-2018 influenza season,Nosocomial vs community-acquired influenza,double_bedded_room_exposure,descriptive_association,exposure,outbreak_dynamic,Acquisition context in single versus double rooms,"Nosocomial influenza was mostly acquired in double-bedded rooms, accounting for 39 of 57 cases (68.4%)",68.4%,descriptive_frequency,NR,NR,contextual,medium,Retrospective descriptive study,acquisition context,Elderly tertiary-care inpatients,influenza_only,Descriptive association without matched room-level comparator,Shared rooms appeared to be a common setting for acquisition,Use double-room exposure as a structural transmission-context signal,DOUBLE ROOM; SHARED ROOM,contextual,ready
luque_paz_2020,Luque-Paz et al. 2020,32540461,10.1016/j.jhin.2020.06.005,France,Rennes University Hospital,57 nosocomial influenza cases and 803 community-acquired cases during one influenza season,Retrospective comparative study,Influenza,Subtype pattern in nosocomial transmission,Positive PCR >=48 h after admission with no influenza-like symptoms during the first 48 h,PCR on respiratory samples,2017-2018 influenza season,Nosocomial vs community-acquired influenza,influenza_b_overrepresentation_in_hai,subtype_association,pathogen,outbreak_dynamic,Over-representation of influenza B among nosocomial cases,Influenza B accounted for 80.7% of nosocomial cases versus 44.6% of community-acquired cases,P=0.001,comparative_frequency,NR,<0.001,increase_risk,high,Comparative retrospective analysis,nosocomial transmission pattern,Tertiary-care inpatients,influenza_only,Single-center single-season study,Influenza B may have had higher transmissibility and/or been associated with transmission clusters,Use influenza B seasons as higher-alert periods for hospital dissemination,INFLUENZA B; SUBTYPE,contextual,ready
valek_2024,Valek et al. 2024,38351601,10.1017/ice.2024.25,United States,Two acute care hospitals,16273 respiratory virus assays over three pre-COVID seasons,Observational surveillance study,Respiratory viruses including influenza,Hospital-acquired respiratory virus clustering,Positive test on or after hospital day 4 considered putatively hospital-acquired,Respiratory viral panel and influenza/RSV PCR,"2017-2018, 2018-2019, 2019-2020 to February 2020",Putatively community- vs hospital-acquired tests,influenza_cluster_frequency_in_mixed_respiratory_surveillance,mixed_respiratory_surveillance,pathogen,outbreak_dynamic,Influenza A/B burden and clustering within mixed respiratory surveillance,"The frequency of putatively hospital-acquired infection was 6.9% for influenza A/B, and among 176 respiratory virus clusters, 62 were associated with influenza A/B",6.9%; 62 clusters,descriptive_frequency,NR,NR,contextual,medium,Observational surveillance,nosocomial clustering,Acute care respiratory virus surveillance,influenza_specific_within_mixed_surveillance,Mixed-virus study rather than influenza-only cohort,Influenza accounted for a substantial share of identified transmission clusters,Use as supplementary surveillance evidence for influenza clustering in acute care,MIXED SURVEILLANCE; INFLUENZA CLUSTERS,contextual,ready_partial
salachas_2025,Salachas et al. 2025,40217353,10.1186/s13756-025-01543-4,France,900-bed university hospital in Paris,27 hospital wards over 10 years; adult patients tested for respiratory viruses,Retrospective cohort on ward-year aggregated data,Respiratory viruses including influenza,Hospital-acquired viral respiratory infection ecology,Positive PCR performed at least 5 days after admission defined HA-VRI,PCR-based surveillance,2014-2023,Ward-year variation in HA-VRI incidence,double_occupancy_rooms,ward_structure_association,structural,outbreak_dynamic,Proportion of double-occupancy rooms within a ward,"After adjustment, incidence of HA-VRI increased by 0.04 per 1000 hospital-days for each 10% increase in double-occupancy rooms, and a similar association remained in the influenza subgroup",#ERROR!,ward_level_association,NR,0.03,increase_risk,high,Adjusted mixed-effects model,HA-VRI incidence,Ward structure,influenza_subgroup_available,"This was a mixed respiratory-virus study, although the influenza subgroup showed similar findings",Double-occupancy rooms independently increased ward-level hospital-acquired viral respiratory infection incidence,Use proportion of double rooms as a structural outbreak-risk modifier,DOUBLE OCCUPANCY; WARD STRUCTURE,contextual,ready_partial
salachas_2025,Salachas et al. 2025,40217353,10.1186/s13756-025-01543-4,France,900-bed university hospital in Paris,27 hospital wards over 10 years; adult patients tested for respiratory viruses,Retrospective cohort on ward-year aggregated data,Respiratory viruses including influenza,Hospital-acquired viral respiratory infection ecology,Positive PCR performed at least 5 days after admission defined HA-VRI,PCR-based surveillance,2014-2023,Ward-year variation in HA-VRI incidence,community_case_pressure,ward_ecology_association,exposure,outbreak_dynamic,Incidence of community-acquired viral respiratory infections among patients admitted to the ward,"After adjustment, HA-VRI incidence increased by 0.10 per 1000 hospital-days for each additional point of community-acquired VRI incidence in the ward",#ERROR!,ward_level_association,NR,<0.001,increase_risk,high,Adjusted mixed-effects model,HA-VRI incidence,Ward ecology,influenza_relevant_but_mixed_vri,Mixed respiratory-virus analysis rather than influenza-only,Higher ward importation pressure from community cases increased hospital-acquired respiratory virus incidence,Use incoming community-case pressure as an outbreak-dynamics modifier,COMMUNITY PRESSURE; WARD ECOLOGY,contextual,ready_partial
birrer_2024,Birrer et al. 2024,39205825,10.1016/j.infpip.2024.100386,Switzerland,Two acute care hospitals in Bern,764 at-risk patients hospitalized >=3 days in multi-bed rooms during DroPS implementation,Prospective observational study,Influenza and RSV,Hospital bedside droplet-precautions strategy,Clinical HARVI monitored on wards using DroPS symptom-based bedside precautions,Clinical surveillance with selected testing,2019-2020 influenza season before COVID confinement,At-risk patients in multi-bed rooms under DroPS,droplet_precautions_on_site,drops_strategy,intervention,outbreak_dynamic,Symptom-based droplet precautions on-site at bedside in multi-bed rooms,"Among 764 at-risk patients in multi-bed rooms, 11 (1.4%) developed clinical HARVI and only 3 tested positive (0.4%; including 1 influenza), suggesting low transmission under DroPS",0.4% laboratory-confirmed HARVI,descriptive_outcome,NR,NR,decrease_risk,medium,Prospective observational study,hospital-acquired respiratory viral infection,Multi-bed-room management,influenza_relevant_but_mixed_with_rsv,Mixed influenza/RSV study with few laboratory-confirmed events,DroPS may be a pragmatic alternative when single-room isolation is limited,Use as contingency evidence for symptom-based bedside droplet precautions,DROPS; MULTI-BED ROOM,contextual,ready_partial
ambrosch_2022,Ambrosch et al. 2022,34929232,10.1016/j.jhin.2021.12.010,Germany,905-bed maximum-care hospital,1186 hospitalized influenza patients across five influenza seasons,Retrospective before-after monocentric study,Influenza,Hospital transmission-control context,Nosocomial influenza incidence compared before vs after strict staff-mask intervention,PCR-based influenza diagnosis,2015-2019 influenza seasons,Pre-intervention 2015-2016 vs intervention 2017-2019,strict_staff_masking_reduces_clustered_nosocomial_spread,protective_association,intervention,outbreak_dynamic,Ward-wide mandatory surgical mask use by staff during the full shift when at least three influenza patients were simultaneously present on a ward,"Before intervention, several dates had clusters of up to eight new nosocomial cases per day, whereas no such clusters were observed after strict staff masking was implemented; average nosocomial incidence fell from 0.39 to 0.19",0.40,OR,0.28-0.56,<0.001,decrease_risk,high,Before-after comparison,nosocomial influenza incidence,Hospital-wide outbreak control,influenza_only,Retrospective design with concurrent hand-hygiene improvement,Strict staff masking appeared to suppress clustered ward transmission,Add ward-triggered universal staff masking to outbreak-control logic,CLUSTERS; STAFF MASKING; WARD TRIGGER,protective,ready
gustin_2023,Gustin et al. 2023,37386032,10.1038/s41598-023-36908-5,France,Short-stay acute care for the elderly unit,"82 individuals: 35 patients, 32 nurses/paramedical staff, 15 medical doctors",Pilot stochastic transmission-model study using RFID contact data,Influenza A(H3N2),Role-specific hospital transmission network,Nosocomial transmissibility modeled from documented individual contact patterns and confirmed influenza cases,PCR plus RFID-based contact capture,10-day period at epidemic peak in 2011-2012,Patient-nurse-doctor transmission matrix,role_specific_transmission_matrix,comparative_profile,contact_network,outbreak_dynamic,Who-acquires-infection-from-whom matrix derived from individual contact data and fitted transmission probabilities,"The modeled transmission matrix showed the strongest patient-ward transmission from nurses to patients (1.04/day), lower transmission from doctors to patients (0.38/day), and nurse-to-nurse transmission of 0.34/day",1.04; 0.38; 0.34,transmission_rate_matrix,NR,NR,increase_risk,medium,SEIR modeling with observed contact data,hospital transmission dynamics,Geriatric acute-care unit,influenza_only,Pilot single-unit modeling study,Transmission opportunity in hospitals is strongly role-dependent rather than homogeneous,"Use role-specific contact structure in outbreak-dynamics reasoning, especially nurse-patient edges",WHO ACQUIRES FROM WHOM; CONTACT MATRIX,comparative_profile,ready_partial
gustin_2023,Gustin et al. 2023,37386032,10.1038/s41598-023-36908-5,France,Short-stay acute care for the elderly unit,"82 individuals: 35 patients, 32 nurses/paramedical staff, 15 medical doctors",Pilot stochastic transmission-model study using RFID contact data,Influenza A(H3N2),Role-specific hospital transmission network,Nosocomial transmissibility modeled from documented individual contact data and confirmed influenza cases,PCR plus RFID-based contact capture,10-day period at epidemic peak in 2011-2012,Patient-nurse-doctor contact matrix,patient_nurse_contact_density,comparative_profile,contact_network,outbreak_dynamic,Average daily contact burden between hospitalized patients and staff roles,"Based on RFID data, a hospitalized patient had an average of 22.17 contacts per day with nurses versus 5.85 with medical doctors, showing strongly asymmetric nurse-patient contact density",22.17 vs 5.85,contact_rate_comparison,NR,NR,increase_risk,medium,RFID-derived contact data,transmission opportunity,Geriatric acute-care unit,influenza_only,Pilot single-unit study with contact-based modeling,Transmission opportunity in the ward was concentrated on nurse-patient edges,Use high nurse-patient contact density as a mechanistic transmission-context signal,NURSE CONTACT DENSITY; CONTACT NETWORK,comparative_profile,ready_partial
gallouche_2022,Gallouche et al. 2022,35135618,10.1186/s13756-021-01046-y,France,Grenoble Alpes University Hospital,1559 stays among 1540 hospitalized adults with positive influenza tests over five epidemic seasons,Retrospective hospital-wide prevention evaluation,Influenza,Multimodal prevention implementation in high-risk units,Nosocomial case defined as positive influenza sample with symptom onset at 72 h of hospitalization or later,RT-PCR,2014-2015 to 2018-2019 epidemic seasons,Risk units across implementation seasons,systematic_surgical_mask_use_hcw_compliance,protective_association,intervention,outbreak_dynamic,Adequate systematic surgical mask use by HCWs in risk units during the epidemic period,Adequate HCW mask use in risk units increased from 73.6% in 2015-2016 to 85.7% in 2018-2019,73.6%-85.7%,compliance_rate,NR,NR,decrease_risk,medium,Biweekly audit compliance monitoring,prevention implementation quality,Risk units receiving many influenza patients,influenza_only,Implementation metric rather than direct causal effect size,Surgical masks were well accepted by HCWs and adherence improved over time,Use mask-compliance monitoring as an outbreak-control implementation KPI,MASK COMPLIANCE; RISK UNITS,protective,ready
gallouche_2022,Gallouche et al. 2022,35135618,10.1186/s13756-021-01046-y,France,Grenoble Alpes University Hospital,1559 stays among 1540 hospitalized adults with positive influenza tests over five epidemic seasons,Retrospective hospital-wide prevention evaluation,Influenza,Multimodal prevention implementation in high-risk units,Nosocomial case defined as positive influenza sample with symptom onset at 72 h of hospitalization or later,RT-PCR,2014-2015 to 2018-2019 epidemic seasons,Risk units vs non-risk units over implementation period,rapid_diagnosis_capacity_expansion,protective_association,diagnostic,outbreak_dynamic,Expansion of rapid RT-PCR and point-of-care influenza diagnosis in units receiving many influenza patients,"Rapid RT-PCR was available routinely in risk units from 2015-2016 onward, extended to risk units and ICUs from 2016-2017, and point-of-care testing became fully available in the emergency department in 2018-2019; the authors interpret faster diagnosis as likely shortening time to precautions",implementation_timeline,implementation_timeline,NR,NR,decrease_risk,medium,Descriptive implementation plus study interpretation,time-to-precautions,High-risk hospital units during influenza epidemics,influenza_only,No isolated per-measure causal estimate,Rapid diagnosis likely contributed to lower nosocomial transmission by reducing delay to precautions,Use rapid and point-of-care influenza diagnosis as a transmission-control enabler in high-risk units,RAPID RT-PCR; POINT OF CARE,protective,ready_partial
miwa_2020,Miwa et al. 2020,32735994,10.1016/j.jhin.2020.07.026,Japan,790-bed tertiary care center,106 HCWs with influenza or influenza-like illness; 234 hospitalized patients exposed,Descriptive epidemiological study with questionnaire and chart review,Influenza / ILI,Post-exposure management after HCW-source exposure,Exposed patients were identified after contact with HCWs with laboratory-confirmed influenza or ILI,Exposure review and clinical follow-up,2018-2019 influenza season,Exposed patients following HCW-source exposure,postexposure_chemoprophylaxis_after_hcw_exposure,intervention_effect,intervention,outbreak_dynamic,Antiviral chemoprophylaxis management after exposure to infected HCWs,"Of 234 exposed patients, 156 (66.7%) met criteria for antiviral chemoprophylaxis, 137 (87.3%) accepted, none had adverse events, and 2 developed laboratory-confirmed influenza after exposure",66.7%; 87.3%; 2 cases,exposure_management_summary,NR,NR,decrease_risk,medium,Descriptive chart review,exposure management burden,Staff-source exposure events in hospitalized patients,influenza_primary_with_ili,Included ILI as well as laboratory-confirmed influenza; descriptive design only,HCW-source exposure generated substantial downstream prophylaxis workload,Add post-exposure prophylaxis burden as a staff-vector response signal,POSTEXPOSURE PROPHYLAXIS; HCW EXPOSURE,protective,ready_partial
rothman_2023,Rothman et al. 2023,37419188,10.1016/j.jhin.2023.06.024,Sweden,Skåne County hospitals,4110 hospitalized adult PCR-positive influenza patients; 430 HAI cases,Prospective multi-season observational study with subtype analysis,Influenza,Subtype-linked dissemination intensity,Medical-record review used to confirm nosocomial origin,RT-PCR with influenza A subtyping,2013-2019 influenza seasons,HAI H3N2 vs HAI H1N1 and HAI B,subtype_specific_additional_case_risk,comparative_profile,pathogen,outbreak_dynamic,Probability of finding additional linked hospital cases after identifying an initial HAI case of a given subtype,The risk of subsequently finding additional cases after identifying an initial HAI H3N2 case was 40% versus 18% for H1N1 and 15% for influenza B; odds ratio for H3N2 was 2.4,2.4,OR,1.6-3.7,NR,increase_risk,high,Subtype comparison within prospective observational data,hospital dissemination,Subtype-aware hospital outbreak review,influenza_only,Cluster linkage was epidemiologic rather than whole-genome-confirmed,H3N2 initial cases were much more likely to seed additional hospital spread,Use H3N2 subtype detection as a strong outbreak-escalation signal,HAI H3N2; ADDITIONAL CASE RISK,comparative_profile,ready
luque_paz_2020,Luque-Paz et al. 2020,32540461,10.1016/j.jhin.2020.06.005,France,Rennes University Hospital,57 nosocomial influenza cases during one influenza season,Retrospective study of documented nosocomial influenza,Influenza,Hidden-spread / delayed-recognition context,Positive PCR >=48 h after admission with no influenza-like symptoms during first 48 h,PCR on respiratory samples,2017-2018 influenza season,Nosocomial influenza cases,delay_from_symptom_onset_to_diagnosis,descriptive_association,diagnostic,outbreak_dynamic,Time between symptom onset and laboratory diagnosis of nosocomial influenza,"Median time from symptom onset to diagnosis was 29 hours, indicating a substantial window during which transmission could occur before recognition",29 hours,median_time,15.5-48,NR,increase_risk,medium,Descriptive retrospective study,recognition delay,Elderly tertiary-care inpatients,influenza_only,"Single-center, one-season study",Nosocomial influenza diagnosis was often delayed by more than one day,Use time-to-diagnosis as a hidden-spread vulnerability signal,DIAGNOSIS DELAY; HIDDEN SPREAD,contextual,ready
birrer_2024,Birrer et al. 2024,39205825,10.1016/j.infpip.2024.100386,Switzerland,Two acute care hospitals in Bern,764 at-risk patients hospitalized in multi-bed rooms under DroPS,Prospective observational study,Influenza and RSV,Hospital bedside droplet-precautions strategy,Clinical HARVI monitored on wards using DroPS symptom-based bedside precautions,Clinical surveillance with selected testing,2019-2020 influenza season before COVID confinement,Exposed neighbors in multi-bed rooms,no_harvi_in_exposed_neighbors_under_drops,protective_association,intervention,outbreak_dynamic,Hospital-acquired respiratory viral infection among patients exposed to infected neighbors while DroPS was in place,No HARVI occurred in patients exposed to infected neighbours under the DroPS strategy,0 of 241,exposed_neighbor_outcome,NR,NR,decrease_risk,medium,Prospective descriptive observation,exposed-neighbor acquisition,Multi-bed-room respiratory precautions,influenza_relevant_but_mixed_with_rsv,Mixed influenza/RSV study with small event numbers,DroPS may protect even in direct room-exposure situations,Use zero-neighbor-transmission under DroPS as supportive contingency evidence,EXPOSED NEIGHBORS; DROPS,protective,ready_partial
lepen_2020,Lepen et al. 2020,32766383,10.1093/ofid/ofaa240,Slovenia,Single-center university hospital,222 exposed adult inpatients who could not be immediately separated from index cases,Randomized open-label noninferiority trial,Influenza,Delayed-separation outbreak control,Exposure to influenza in hospital setting without immediate separation,Clinical follow-up and influenza incidence assessment after prophylaxis,2019 study period,Delayed separation with 5-day vs 10-day prophylaxis,delay_in_separation_after_starting_prophylaxis,protective_association,intervention,outbreak_dynamic,Impact of delayed physical separation after prophylaxis initiation when spatial constraints prevent immediate isolation,"In this hospital setting, a median delay of 2 days in separating exposed patients from index cases did not appear to compromise prophylaxis efficacy; overall transmission incidence remained low at 0.9%",0.9%,descriptive_trial_outcome,NR,NR,decrease_risk,high,Randomized noninferiority trial,nosocomial transmission after exposure,Hospital settings with spatial constraints,influenza_only,Single-center trial; sequencing not performed,"Once prophylaxis was started, short delay in physical separation did not seem to abolish protection",Use delayed-separation context as acceptable fallback logic when immediate isolation is impossible,DELAYED SEPARATION; POSTEXPOSURE PROPHYLAXIS,protective,ready